country,year,EG.ELC.RNEW.ZS,EG.FEC.RNEW.ZS,EG.ELC.ACCS.ZS,NY.GDP.PCAP.CD,NY.GDP.MKTP.KD.ZG
Afghanistan,2010,85.9865470852018,15.2,42.7,562.499221552971,14.3624414710737
Afghanistan,2011,82.4875621890547,12.6,43.2,608.738850364613,0.426354776777345
Afghanistan,2012,85.9099804305284,15.4,69.1,653.417474910283,12.7522870926697
Afghanistan,2013,78.6364080993837,16.9,68.0,638.73318101404,5.60074465863221
Afghanistan,2014,85.3235490326885,19.1,89.5,626.512929086139,2.72454336219565
Afghanistan,2015,86.0501112508465,17.7,71.5,566.881129708434,1.45131466066431
Afghanistan,2016,86.0501112508465,20.2,97.7,523.053011984748,2.26031420279821
Afghanistan,2017,86.0501112508465,19.5,97.7,526.140801025756,2.6470032027451
Afghanistan,2018,86.0501112508465,18.3,93.4,492.090630986151,1.18922812944517
Afghanistan,2019,86.0501112508465,18.9,97.7,497.741431256813,3.91160341625552
Afghanistan,2020,86.0501112508465,18.2,97.7,512.055098005672,-2.35110067203466
Afghanistan,2021,86.0501112508465,20.0,97.7,355.777826392648,-2.35110067203466
Afghanistan,2022,86.0501112508465,20.0,85.3,352.603733092107,-6.24017199240269
Africa Eastern and Southern,2010,21.1629993280905,63.0998368387508,27.4020143563805,1622.68409299336,5.23377797192232
Africa Eastern and Southern,2011,21.3237793496936,63.1246524339127,28.9115937315653,1757.99840406352,4.06901977125888
Africa Eastern and Southern,2012,21.795825040308,61.7183967592541,31.6660384230917,1724.20405261091,1.75621020352889
Africa Eastern and Southern,2013,22.7326039395982,61.0826852828279,31.7030572419482,1696.35603961321,4.25034509905811
Africa Eastern and Southern,2014,24.9665894302136,61.499576835816,31.860474023504,1678.55360976878,3.98318178416663
Africa Eastern and Southern,2015,25.6758787545077,62.1283378931582,33.9038001286462,1498.80508358802,3.01157198178016
Africa Eastern and Southern,2016,25.6758787545077,62.4576883595774,38.8546244221511,1346.30128120779,2.18358078096774
Africa Eastern and Southern,2017,25.6758787545077,61.8911318801459,40.199898068195,1485.7535786147,2.65139974202668
Africa Eastern and Southern,2018,25.6758787545077,62.2426314030968,43.0171479832647,1558.61207925907,2.681718104162
Africa Eastern and Southern,2019,25.6758787545077,63.3870896989865,44.3812594428681,1508.48688648948,2.18925928385238
Africa Eastern and Southern,2020,25.6758787545077,66.1234486957514,46.2648745577187,1356.08887141531,-2.78037855183037
Africa Eastern and Southern,2021,25.6758787545077,66.1234486957514,48.100862134193,1545.95669660381,4.49737998264359
Africa Eastern and Southern,2022,25.6758787545077,66.1234486957514,48.7119945935567,1642.43203899493,3.55442232938942
Africa Western and Central,2010,38.5470844098241,80.9395137178094,41.8381617761297,1680.141063273,6.97060061867415
Africa Western and Central,2011,37.7036499888252,79.5769126675124,45.9148949238898,1861.53730345913,4.8492890112086
Africa Western and Central,2012,36.0379350990554,78.8868764432574,44.0499000080943,1958.07740299649,5.13543221769829
Africa Western and Central,2013,35.1638636501873,77.1379412154111,47.0584759639952,2154.31508352123,6.10661028218607
Africa Western and Central,2014,34.5661459313632,76.1358024948566,47.6625364866446,2248.51842565537,5.92558281954024
Africa Western and Central,2015,31.2335314124894,76.6891600561783,46.7587390583886,1882.51880807768,2.81397900746174
Africa Western and Central,2016,31.2335314124894,76.2833830991289,50.906114634764,1648.92026894717,0.141488617696979
Africa Western and Central,2017,31.2335314124894,76.4130814959741,48.789457473528,1590.5557849502,2.28496137040275
Africa Western and Central,2018,31.2335314124894,75.9600298068077,51.2110549404709,1735.44583276662,2.84264500273268
Africa Western and Central,2019,31.2335314124894,75.3289283798123,51.1680826551065,1813.60914568405,3.22202851816455
Africa Western and Central,2020,31.2335314124894,76.1028186880091,51.7308990685072,1688.47087082362,-1.00441739370378
Africa Western and Central,2021,31.2335314124894,76.1028186880091,54.224724307904,1769.17185266776,3.99485439730634
Africa Western and Central,2022,31.2335314124894,76.1028186880091,55.4375772541101,1788.8753472127,3.78448567787608
Albania,2010,99.9867864693446,37.0,99.6,4094.34968570481,3.70693815255319
Albania,2011,98.5922214268671,35.8,99.7,4437.14116097061,2.54540614450104
Albania,2012,100.0,39.9,99.9,4247.63134315945,1.4172427999078
Albania,2013,100.0,41.1,99.9,4413.06338346821,1.00201754071108
Albania,2014,100.0,38.6,100.0,4578.63320812155,1.77444885260394
Albania,2015,100.0,38.5,100.0,3952.80357364813,2.21872637517804
Albania,2016,100.0,39.4,99.9,4124.05538986272,3.31498068384137
Albania,2017,100.0,36.9,99.9,4531.03220675893,3.80259872019053
Albania,2018,100.0,37.8,100.0,5287.66080067575,4.01934561695576
Albania,2019,100.0,40.1,100.0,5396.2142432843,2.08771199649604
Albania,2020,100.0,44.4,100.0,5343.0377039956,-3.30208203862541
Albania,2021,100.0,41.9,100.0,6377.20309553753,8.90852781831182
Albania,2022,100.0,41.9,100.0,6810.11404104233,4.85640165227306
Algeria,2010,0.380460926225565,0.3,98.9,4958.2593791361,4.80000000030061
Algeria,2011,0.980009370607528,0.2,99.0,5974.57008682611,3.0000000000326
Algeria,2012,1.08368033172465,0.2,98.8,6096.09001549263,2.39999999959915
Algeria,2013,0.55101018533979,0.1,99.2,6044.67490330703,2.60000000006077
Algeria,2014,0.395379969490365,0.1,99.3,6164.64469897525,4.10000000035542
Algeria,2015,0.322683798947644,0.1,99.4,4741.49977033558,3.19999999974922
Algeria,2016,0.322683798947644,0.1,99.4,4481.08196153066,3.89999999992476
Algeria,2017,0.322683798947644,0.1,99.5,4615.86874364885,1.5000000001012
Algeria,2018,0.322683798947644,0.2,99.6,4640.31414537956,1.40000000013293
Algeria,2019,0.322683798947644,0.2,99.5,4530.10174483631,0.89999999991042
Algeria,2020,0.322683798947644,0.1,99.7,3794.40952448639,-5.0
Algeria,2021,0.322683798947644,0.1,99.8,4216.2512851303,3.8
Algeria,2022,0.322683798947644,0.1,100.0,5023.25293164928,3.60000000017391
American Samoa,2010,0.0,0.0,,10446.8632062572,0.299850074962521
American Samoa,2011,0.0,0.0,,10495.3047320935,0.0
American Samoa,2012,0.70242656449553,0.1,,11920.0610903131,-4.33482810164425
American Samoa,2013,0.703140481075933,0.2,,12038.8715916596,-2.5
American Samoa,2014,0.700882474752302,0.2,,12313.9973571825,1.76282051282051
American Samoa,2015,0.885478158205431,0.2,,13101.5418159165,3.14960629921259
American Samoa,2016,0.885478158205431,0.2,,13300.8246114811,-1.67938931297709
American Samoa,2017,0.885478158205431,0.3,,12372.8847825647,-6.98757763975155
American Samoa,2018,0.885478158205431,0.3,,13195.9358995539,2.6711185308848
American Samoa,2019,0.885478158205431,0.4,,13672.576657298,-0.487804878048777
American Samoa,2020,0.885478158205431,0.4,,15609.7772196843,4.41176470588236
American Samoa,2021,0.885478158205431,0.4,,16653.7137781725,-0.782472613458523
American Samoa,2022,0.885478158205431,0.4,,19673.3901023197,1.73501577287065
Andorra,2010,88.7311446317657,18.7,100.0,44902.3807663645,-1.97495799965345
Andorra,2011,86.5131578947369,18.6,100.0,44902.3807663645,-0.00806975341139093
Andorra,2012,86.6894197952219,18.8,100.0,44902.3807663645,-4.97444371853503
Andorra,2013,88.7532693984307,19.1,100.0,44747.7538641695,-3.54759651549344
Andorra,2014,89.4321766561514,19.4,100.0,45680.5349920165,2.50446552114518
Andorra,2015,86.1167002012072,19.0,100.0,38885.5303222983,1.43414039522716
Andorra,2016,86.1167002012072,18.9,100.0,39931.2169800216,3.70967806978986
Andorra,2017,86.1167002012072,18.0,100.0,40632.2315521995,0.346071889630295
Andorra,2018,86.1167002012072,17.6,100.0,42904.8284559223,1.58876549046354
Andorra,2019,86.1167002012072,17.2,100.0,41328.6004978373,2.01554763848308
Andorra,2020,86.1167002012072,20.9,100.0,37207.2219994994,2.01554763848308
Andorra,2021,86.1167002012072,18.4,100.0,42066.4905178822,8.28719978108489
Andorra,2022,86.1167002012072,18.7,100.0,42350.6970690874,9.56379752740844
Angola,2010,67.9574233804368,53.1,35.0,3586.66369358621,4.39837593810763
Angola,2011,70.9078039285082,51.7,34.6,4608.15516572683,3.47205314798103
Angola,2012,60.7994842037395,49.0,37.3,5083.82687346735,8.54210707584141
Angola,2013,58.0209347614411,46.8,38.4,5061.34925297484,4.95461303112738
Angola,2014,53.1751054852321,47.5,32.0,5011.9844274536,4.82255926962156
Angola,2015,53.1749283080705,47.1,42.0,3217.33924005417,0.943571561325001
Angola,2016,53.1749283080705,48.1,41.8,1809.70937719455,-2.5801112218828
Angola,2017,53.1749283080705,52.5,42.9,2439.37443934002,-0.147149825449205
Angola,2018,53.1749283080705,52.5,45.3,2540.50887884546,-1.31636168896895
Angola,2019,53.1749283080705,51.0,45.6,2191.34776433537,-0.702272957616017
Angola,2020,53.1749283080705,60.1,47.0,1450.90511139418,-5.63821471714934
Angola,2021,53.1749283080705,52.9,48.2,1927.47407827687,1.19921052145153
Angola,2022,53.1749283080705,52.9,48.5,2933.48464381415,3.04540300954928
Antigua and Barbuda,2010,1.49476831091181,0.0,98.7,15149.7235026029,-7.84043006330508
Antigua and Barbuda,2011,1.49700598802395,0.1,94.6,14774.0321811278,-1.95872181050282
Antigua and Barbuda,2012,0.0,0.1,100.0,15136.8411091932,3.37283525153347
Antigua and Barbuda,2013,0.0,0.1,100.0,14977.0718321065,-0.600715511931753
Antigua and Barbuda,2014,0.0,0.1,100.0,15451.4952444039,2.21145251322996
Antigua and Barbuda,2015,0.0,0.4,100.0,15985.5411386971,1.44515529873077
Antigua and Barbuda,2016,0.0,0.4,100.0,16449.0591470407,4.09976553877765
Antigua and Barbuda,2017,0.0,0.4,100.0,16803.8702340001,2.46333336590416
Antigua and Barbuda,2018,0.0,0.7,100.0,18133.8226008953,6.95318609219737
Antigua and Barbuda,2019,0.0,0.7,100.0,18730.0047966374,3.10044514982847
Antigua and Barbuda,2020,0.0,0.9,100.0,15224.8585890561,3.10044514982847
Antigua and Barbuda,2021,0.0,0.9,100.0,17178.5437160522,8.1917184618173
Antigua and Barbuda,2022,0.0,0.9,100.0,19919.7266867883,9.51639564359461
Arab World,2010,3.85400991246685,4.82576885189732,87.495802967053,5911.3303946217,4.81457026982723
Arab World,2011,3.54976563509352,4.67272069134643,87.7123626631765,6874.84318714055,3.57287691238142
Arab World,2012,3.48121852231759,4.44968668236096,87.4018518284057,7344.63076389533,5.0035800868469
Arab World,2013,3.77038496124868,4.48401776900296,89.3442514087556,7344.23105138547,2.52000765718397
Arab World,2014,3.2780734203655,4.35892992996109,88.8342958618003,7300.59977114317,2.38370544220714
Arab World,2015,2.92070168610513,4.22349500938588,89.0475351878897,6258.60722652973,3.38756030711494
Arab World,2016,2.92070168610513,4.28791485864165,89.5411657691967,6022.88281755523,3.60944655086158
Arab World,2017,2.92070168610513,4.37567300633967,90.6663018742983,6068.60300810317,1.51128390704507
Arab World,2018,2.92070168610513,4.52639402004232,89.1692812379426,6624.83465856668,2.62315703654876
Arab World,2019,2.92070168610513,4.73230713602678,90.3581538695401,6565.98083975861,1.67111088873453
Arab World,2020,2.92070168610513,5.13858498417462,90.6384870529171,5735.50986687093,-5.40097921653559
Arab World,2021,2.92070168610513,5.13858498417462,90.8493820461977,6503.79337634305,5.11664702876513
Arab World,2022,2.92070168610513,5.13858498417462,91.0264045161148,7776.62937958481,5.79310898501694
Argentina,2010,28.5854562001549,8.8,98.8,10385.9644319555,10.1253981561002
Argentina,2011,32.305970437266,8.8,99.0,12848.7391514568,6.00395169280579
Argentina,2012,29.2611353196635,8.6,99.1,13082.664325572,-1.0264204544321
Argentina,2013,31.4844907174391,8.9,99.3,13080.2547323367,2.40532378079436
Argentina,2014,31.5762041956827,9.8,100.0,12334.7982453893,-2.51261532081394
Argentina,2015,28.1400691239471,9.4,99.7,13789.060424772,2.73115982828944
Argentina,2016,28.1400691239471,9.4,99.9,12790.2641396135,-2.08032784377811
Argentina,2017,28.1400691239471,10.4,100.0,14613.0356486571,2.81850297775918
Argentina,2018,28.1400691239471,10.5,100.0,11795.1627452798,-2.61739646282038
Argentina,2019,28.1400691239471,10.7,100.0,9963.67416171662,-2.00086100285785
Argentina,2020,28.1400691239471,9.8,100.0,8500.83793850534,-2.00086100285785
Argentina,2021,28.1400691239471,9.2,100.0,10650.8604604345,10.7180099337095
Argentina,2022,28.1400691239471,9.2,100.0,13650.6046294524,4.95636996008236
Armenia,2010,39.4854413803728,9.4,99.8,3143.0294799683,2.2000000002151
Armenia,2011,33.5397039030956,8.0,99.5,3462.68177840431,4.69999999867412
Armenia,2012,28.9447486311598,6.6,99.5,3643.71540108565,7.20000000096486
Armenia,2013,28.2360570687419,6.8,99.4,3833.15707396348,3.3
Armenia,2014,25.7548387096774,7.1,99.7,4017.22991449473,3.60000000058993
Armenia,2015,28.3369662777279,10.7,100.0,3666.14182210905,3.19999999896625
Armenia,2016,28.3369662777279,13.2,99.8,3679.95234740376,0.199999999825991
Armenia,2017,28.3369662777279,12.6,99.7,4041.99507105058,7.50000000164144
Armenia,2018,28.3369662777279,11.1,99.9,4391.92326991474,5.19999999965324
Armenia,2019,28.3369662777279,10.3,100.0,4828.50488626598,7.59999999853918
Armenia,2020,28.3369662777279,8.4,100.0,4505.86774175695,-7.19999999920631
Armenia,2021,28.3369662777279,9.1,100.0,4972.78320361917,5.80000000065645
Armenia,2022,28.3369662777279,9.1,100.0,7018.05150434798,12.5999999997766
Aruba,2010,11.3273771537971,5.5,93.4,24452.5887394376,-2.73345679250639
Aruba,2011,12.101020956475,5.7,100.0,26043.1563253011,3.36923718421511
Aruba,2012,14.9152542372881,6.9,100.0,25611.1757666902,-1.04079988436683
Aruba,2013,14.9121861868333,6.9,100.0,26514.8689800777,6.43148260418822
Aruba,2014,15.0992799476326,6.9,100.0,26940.2641144313,-1.58657513817235
Aruba,2015,14.8561614426793,6.7,100.0,28419.2645344661,-0.623625902371245
Aruba,2016,14.8561614426793,7.0,100.0,28449.7129463044,1.71962497989442
Aruba,2017,14.8561614426793,6.8,100.0,29329.0817465959,7.04853338603499
Aruba,2018,14.8561614426793,8.6,100.0,30918.483584133,2.38173018636276
Aruba,2019,14.8561614426793,8.3,100.0,31902.8098183195,-2.3028363027198
Aruba,2020,14.8561614426793,9.1,100.0,24008.1278217477,-2.3028363027198
Aruba,2021,14.8561614426793,8.8,100.0,29127.7593841909,-2.3028363027198
Aruba,2022,14.8561614426793,8.8,99.9,33300.8388187011,10.45831735343
Australia,2010,8.61187962842023,8.2,100.0,,2.22653807797504
Australia,2011,10.4266522781963,8.3,100.0,,2.40897178005686
Australia,2012,10.5926533603071,8.3,100.0,,3.91840962538336
Australia,2013,13.2641083883167,9.2,100.0,,2.60619844706027
Australia,2014,14.9067122095833,9.3,100.0,,2.60740103188527
Australia,2015,13.6378410946741,9.4,100.0,,2.20181015336807
Australia,2016,13.6378410946741,9.6,100.0,,2.77914262537222
Australia,2017,13.6378410946741,9.9,100.0,,2.31870938698817
Australia,2018,13.6378410946741,9.8,100.0,,2.90636311509867
Australia,2019,13.6378410946741,10.3,100.0,,2.1811091061096
Australia,2020,13.6378410946741,11.2,100.0,,-0.33468635945016
Australia,2021,13.6378410946741,12.3,100.0,,2.11183088925151
Australia,2022,13.6378410946741,12.3,100.0,,4.26894639349867
Austria,2010,66.2113227544381,31.1,100.0,44195.8175947748,1.83709367680054
Austria,2011,65.6314234326824,31.6,100.0,44195.8175947748,2.92279728368581
Austria,2012,74.5291806141755,34.4,100.0,44195.8175947748,0.680445576816723
Austria,2013,78.0247869868319,34.6,100.0,44195.8175947748,0.0255047121972183
Austria,2014,81.0568683458842,35.7,100.0,44195.8175947748,0.661272848852605
Austria,2015,76.4907792691417,34.8,100.0,44195.8175947748,1.01450158590511
Austria,2016,76.4907792691417,34.6,100.0,45307.5878620429,1.98943716230463
Austria,2017,76.4907792691417,34.0,100.0,45307.5878620429,2.25857243250671
Austria,2018,76.4907792691417,34.1,100.0,45307.5878620429,2.42538536088061
Austria,2019,76.4907792691417,34.0,100.0,45307.5878620429,1.45052918393192
Austria,2020,76.4907792691417,35.8,100.0,45307.5878620429,-6.63299143662553
Austria,2021,76.4907792691417,36.0,100.0,45307.5878620429,4.23786673253257
Austria,2022,76.4907792691417,36.0,100.0,45307.5878620429,4.80643020178459
Azerbaijan,2010,18.4233030464992,4.4,99.9,5843.5337683582,5.04894451349574
Azerbaijan,2011,13.1861633980487,3.5,99.9,7189.81869211976,0.10000013782458
Azerbaijan,2012,7.92152427353402,2.8,100.0,7495.86527658099,2.1652394748416
Azerbaijan,2013,6.67123404984157,2.5,100.0,7875.34536661549,5.80980084268208
Azerbaijan,2014,5.62924619864122,2.1,100.0,7890.84028062087,2.75050681535518
Azerbaijan,2015,7.0398574206092,2.3,100.0,5500.50364628486,1.09397591627469
Azerbaijan,2016,7.0398574206092,1.9,100.0,3880.6852276838,-3.09999988037266
Azerbaijan,2017,7.0398574206092,1.9,100.0,4147.1981423222,0.199999938958655
Azerbaijan,2018,7.0398574206092,1.9,100.0,4739.7943123408,1.49999999999999
Azerbaijan,2019,7.0398574206092,1.7,100.0,4805.75371765917,2.50000006743734
Azerbaijan,2020,7.0398574206092,1.3,100.0,4229.91064904503,-4.30000010230737
Azerbaijan,2021,7.0398574206092,1.3,100.0,5408.04535175023,5.61645102853028
Azerbaijan,2022,7.0398574206092,1.3,100.0,7770.594223351,4.71480236521231
"Bahamas, The",2010,0.0,1.3,100.0,27046.6576651879,1.53866248693835
"Bahamas, The",2011,0.0,1.4,100.0,26644.9265775896,0.613170735890648
"Bahamas, The",2012,0.0,1.4,100.0,28059.6553953426,2.99790320655973
"Bahamas, The",2013,0.0,1.4,100.0,26956.5668352133,-2.86330925726089
"Bahamas, The",2014,0.0,1.4,100.0,28201.556802208,1.84726084348846
"Bahamas, The",2015,0.0,1.4,100.0,29722.4068429349,0.996758610594114
"Bahamas, The",2016,0.0,1.2,100.0,29661.1410792573,-0.961908776858536
"Bahamas, The",2017,0.0,1.1,100.0,30666.8838654704,2.79951863934495
"Bahamas, The",2018,0.0,1.1,100.0,31389.9269978552,2.62988985993933
"Bahamas, The",2019,0.0,1.1,100.0,32173.9581814182,-1.35726520928898
"Bahamas, The",2020,0.0,1.4,100.0,24499.1647620617,-1.35726520928898
"Bahamas, The",2021,0.0,1.1,100.0,27871.3723259771,-1.35726520928898
"Bahamas, The",2022,0.0,1.1,100.0,32041.2503902591,10.7820132001503
Bahrain,2010,0.0,0.0,100.0,21186.8143292279,4.33429917283131
Bahrain,2011,0.0,0.0,100.0,23741.5574626702,1.98351501159991
Bahrain,2012,0.0,0.0,100.0,25102.726348527,3.72810843046017
Bahrain,2013,0.0,0.0,100.0,25790.7303121382,5.41683981012071
Bahrain,2014,0.0,0.0,100.0,25464.760097715,4.35039085252969
Bahrain,2015,0.0,0.0,100.0,22850.6653959938,2.86304730414378
Bahrain,2016,0.0,0.0,100.0,22877.9351764172,3.47351657476945
Bahrain,2017,0.0,0.0,100.0,24315.4975906804,3.8117061903064
Bahrain,2018,0.0,0.0,100.0,25415.8466249472,2.28945960664879
Bahrain,2019,0.0,0.0,100.0,25869.1129129041,2.1669646688237
Bahrain,2020,0.0,0.0,100.0,23433.1872362574,-4.64463735878491
Bahrain,2021,0.0,0.0,100.0,26850.0033915702,2.59040783827855
Bahrain,2022,0.0,0.0,100.0,30146.925026365,4.89150020694356
Bangladesh,2010,1.78720274577102,40.3,55.3,776.835743954765,5.57178818533122
Bangladesh,2011,1.9749507394741,38.4,59.6,856.178832752419,6.46437912497728
Bangladesh,2012,1.60001647378609,37.3,65.5,876.521652869848,6.52145877906443
Bangladesh,2013,1.94653614457831,37.0,61.5,973.828617573534,6.01360565834344
Bangladesh,2014,1.31972423672665,35.4,62.4,1108.52251321179,6.0610593588495
Bangladesh,2015,1.2268899018827,33.1,74.0,1236.4354555046,6.55263987816197
Bangladesh,2016,1.2268899018827,30.2,75.9,1659.88817301175,7.11347821270093
Bangladesh,2017,1.2268899018827,28.1,88.0,1815.47222007199,6.59024999794057
Bangladesh,2018,1.2268899018827,27.0,86.9,1963.31244102476,7.31941263014136
Bangladesh,2019,1.2268899018827,26.1,92.2,2122.03765230231,7.88191515117722
Bangladesh,2020,1.2268899018827,27.2,96.2,2233.76728192962,3.44801755122445
Bangladesh,2021,1.2268899018827,25.0,99.0,2457.96446570157,6.93867912442445
Bangladesh,2022,1.2268899018827,25.0,99.4,2687.89906307087,7.09982877575158
Barbados,2010,0.0,8.2,100.0,16507.4305360907,-2.21771043677749
Barbados,2011,0.0,4.1,100.0,16924.066921731,-0.77239614003264
Barbados,2012,0.0,3.8,100.0,16736.9218347773,-0.249110377623012
Barbados,2013,0.0,3.1,100.0,16952.1344337493,-1.31354346756765
Barbados,2014,0.0,3.0,100.0,16980.0270637458,-0.0582879004407744
Barbados,2015,0.0,3.0,100.0,17040.4176091311,2.42392540824112
Barbados,2016,0.0,2.8,100.0,17398.9870769319,2.55267799311693
Barbados,2017,0.0,4.3,100.0,17910.7830952014,0.514753125831376
Barbados,2018,0.0,4.9,100.0,18335.9500586368,-0.746352496702428
Barbados,2019,0.0,3.4,100.0,19156.0398672282,0.379893732533731
Barbados,2020,0.0,4.7,100.0,17028.4137830299,0.379893732533731
Barbados,2021,0.0,5.5,100.0,17586.3300142247,-1.18319712008605
Barbados,2022,0.0,5.5,100.0,20738.4511868198,13.4808615694709
Belarus,2010,0.372546210058748,7.3,94.4,6034.67885177216,7.79826683524436
Belarus,2011,0.428571428571429,7.5,95.0,6527.6593428786,5.37870750437234
Belarus,2012,0.555212831585441,7.2,95.6,6953.21591683101,1.68713553434753
Belarus,2013,0.844256831815152,7.0,96.2,7998.0802045456,1.0034707715852
Belarus,2014,0.722614078019289,6.7,96.8,8341.29014337961,1.7262099894002
Belarus,2015,0.815679830995834,6.8,97.4,5967.06856034227,-3.82966307070085
Belarus,2016,0.815679830995834,6.7,98.0,5039.77560949445,-2.52583140897062
Belarus,2017,0.815679830995834,7.3,98.7,5785.53397723676,2.53162368036521
Belarus,2018,0.815679830995834,7.2,99.3,6360.05310087258,3.14963949909348
Belarus,2019,0.815679830995834,7.8,100.0,6837.76832136779,1.44620667102681
Belarus,2020,0.815679830995834,8.4,100.0,6542.8645398436,-0.672904125264921
Belarus,2021,0.815679830995834,8.2,100.0,7489.71894713888,2.43886608142535
Belarus,2022,0.815679830995834,8.2,100.0,7994.64806074889,-4.65824489149375
Belgium,2010,6.92080611298797,6.2,100.0,44184.946353964,2.86429270764155
Belgium,2011,9.41087918754353,6.7,100.0,44184.946353964,1.69451389861332
Belgium,2012,12.8128790384827,7.7,100.0,44670.5606845101,0.739217283058679
Belgium,2013,14.2093861058371,8.3,100.0,44670.5606845101,0.459242192907709
Belgium,2014,17.0806411009482,9.1,100.0,44670.5606845101,1.57853314322614
Belgium,2015,20.8000230056939,9.4,100.0,41008.296719472,2.04145900919961
Belgium,2016,20.8000230056939,9.2,100.0,42012.6227191016,1.26668640902095
Belgium,2017,20.8000230056939,9.7,100.0,44198.4823908691,1.6195802783878
Belgium,2018,20.8000230056939,10.7,100.0,44198.4823908691,1.79294519302076
Belgium,2019,20.8000230056939,10.2,100.0,44198.4823908691,2.24083533103139
Belgium,2020,20.8000230056939,12.3,100.0,45587.968308319,-5.30447336526071
Belgium,2021,20.8000230056939,11.7,100.0,45587.968308319,6.92798360287613
Belgium,2022,20.8000230056939,11.7,100.0,45587.968308319,3.01472197492703
Belize,2010,63.3809520940405,29.4,89.9,5399.06209583265,1.23995291537476
Belize,2011,62.941598469924,42.2,91.7,5519.3390084833,-0.298181524565479
Belize,2012,49.1940058214813,47.9,90.9,5635.52152550234,3.6615993816965
Belize,2013,55.8130131931025,38.0,91.1,5865.47090174488,4.43764383676776
Belize,2014,50.7054753739704,37.4,91.5,6031.54840210944,4.00531831673186
Belize,2015,45.2399304748245,30.3,91.8,6098.60007958976,3.22549309143569
Belize,2016,45.2399304748245,33.3,93.3,6099.95710191497,-0.0110344145780772
Belize,2017,45.2399304748245,37.2,94.2,6049.3919477765,-1.81336514835535
Belize,2018,45.2399304748245,35.5,91.7,6001.02426184093,1.05559823069711
Belize,2019,45.2399304748245,30.4,92.7,6134.21523305713,4.23623453555723
Belize,2020,45.2399304748245,31.4,96.8,5185.1580697602,4.23623453555723
Belize,2021,45.2399304748245,26.6,97.7,6060.96822340845,4.23623453555723
Belize,2022,45.2399304748245,30.8,98.6,6984.21695968163,8.73431143782066
Benin,2010,0.869565217391304,47.2,34.2,1009.48949478478,2.11406472648392
Benin,2011,0.0,48.7,36.9,1099.4143107361,2.96375291904201
Benin,2012,0.0,50.3,38.4,1112.56953619685,4.811223315688
Benin,2013,0.0,52.0,34.7,1214.29556540248,7.19143372144946
Benin,2014,0.0,51.0,34.1,1251.50476511083,6.35767909791932
Benin,2015,5.55555555555556,49.9,29.6,1041.65252312918,1.77815106030278
Benin,2016,5.55555555555556,45.4,37.0,1049.82030361083,3.33967342629693
Benin,2017,5.55555555555556,45.4,34.5,1095.27445827386,5.67156195150444
Benin,2018,5.55555555555556,44.0,39.0,1194.43821512774,6.69725362180888
Benin,2019,5.55555555555556,46.5,40.0,1170.88599492622,6.86568662848335
Benin,2020,5.55555555555556,46.2,41.0,1240.73315461172,3.84879240030133
Benin,2021,5.55555555555556,54.5,42.0,1360.91147388169,7.1554516457574
Benin,2022,5.55555555555556,54.5,56.5,1304.99479694323,6.25324491401346
Bermuda,2010,0.0,0.4,100.0,,-2.50287828947368
Bermuda,2011,0.0,0.4,100.0,,-3.74274431740703
Bermuda,2012,0.0,0.4,100.0,,-5.30529910675297
Bermuda,2013,0.0,1.5,100.0,,-0.279708545423034
Bermuda,2014,0.0,0.4,100.0,,-3.70106759364258
Bermuda,2015,0.0,0.6,100.0,,0.775529699568978
Bermuda,2016,0.0,1.1,100.0,,-0.657206304259205
Bermuda,2017,0.0,0.6,100.0,,3.61141983706115
Bermuda,2018,0.0,0.7,100.0,,-0.432801300339307
Bermuda,2019,0.0,0.8,100.0,,0.306266735233933
Bermuda,2020,0.0,0.9,100.0,,-6.84286964270544
Bermuda,2021,0.0,0.9,100.0,,5.41909484048358
Bermuda,2022,0.0,0.9,100.0,,6.43113399633694
Bhutan,2010,99.9959062811293,84.8,73.3,2371.97209032796,11.9318739003882
Bhutan,2011,99.9957552175451,84.9,81.8,2717.44994790904,8.30764783243984
Bhutan,2012,99.997070326805,82.8,91.5,2689.79286575487,5.09549264378806
Bhutan,2013,99.9934556173054,81.7,87.4,2624.76519363139,1.65845557774038
Bhutan,2014,99.9928610794619,82.1,91.4,2793.93130333726,5.71786561190564
Bhutan,2015,99.9935464335397,81.6,95.4,2899.22829354394,6.56845431717086
Bhutan,2016,99.9935464335397,80.8,99.3,3097.96123360501,8.40055375505406
Bhutan,2017,99.9935464335397,79.7,97.7,3427.17384540098,3.50756740346327
Bhutan,2018,99.9935464335397,80.0,100.0,3389.77730275615,3.50187185732737
Bhutan,2019,99.9935464335397,81.0,100.0,3564.59877149986,5.75514851246506
Bhutan,2020,99.9935464335397,83.9,100.0,3181.33974675871,5.75514851246506
Bhutan,2021,99.9935464335397,81.8,100.0,3561.22528660505,4.42136738945015
Bhutan,2022,99.9935464335397,82.5,100.0,3704.01839495326,5.21386783786224
Bolivia,2010,33.9530765825587,19.9,88.0,1922.05857050664,4.1267225910567
Bolivia,2011,34.196675900277,18.1,88.3,2304.98246161085,5.204092443086
Bolivia,2012,32.3064874037332,17.4,90.4,2562.46678423329,5.12227558091757
Bolivia,2013,32.1760694358338,16.0,89.5,2853.79716191598,6.79601142810841
Bolivia,2014,28.0068532267276,15.0,90.0,3022.46288443562,5.46056950635136
Bolivia,2015,31.4024390243902,14.2,91.5,2975.64881143063,4.85718717971413
Bolivia,2016,31.4024390243902,13.6,91.8,3013.50270721666,4.26392086382113
Bolivia,2017,31.4024390243902,14.3,91.8,3280.0082139387,4.19520633360395
Bolivia,2018,31.4024390243902,14.3,92.8,3471.0069506501,4.22362365271844
Bolivia,2019,31.4024390243902,13.5,95.1,3472.38083136442,2.21670563961031
Bolivia,2020,31.4024390243902,16.9,97.2,3068.81255516456,2.21670563961031
Bolivia,2021,31.4024390243902,12.8,98.6,3345.02300209796,6.11137269714146
Bolivia,2022,31.4024390243902,12.8,99.9,3600.12163502163,3.60568042633635
Bosnia and Herzegovina,2010,46.8698902125672,19.6,99.5,4506.93235205533,0.865669260237084
Bosnia and Herzegovina,2011,28.7107329842932,14.2,99.7,4980.90468838995,0.959511247241267
Bosnia and Herzegovina,2012,29.93182786536,15.3,99.7,4688.34582317708,-0.821836474216894
Bosnia and Herzegovina,2013,41.4646725116039,19.5,99.5,5025.24175294061,2.3498566632458
Bosnia and Herzegovina,2014,36.7264851485149,23.6,99.9,5196.97008415107,1.15385109200403
Bosnia and Herzegovina,2015,35.5173075692623,25.2,99.7,4654.60862038896,4.31475061116335
Bosnia and Herzegovina,2016,35.5173075692623,23.0,100.0,4917.26376596306,3.24225521171914
Bosnia and Herzegovina,2017,35.5173075692623,18.5,100.0,5327.39230422044,3.24410095889466
Bosnia and Herzegovina,2018,35.5173075692623,35.4,100.0,6024.49314979655,3.82749920546897
Bosnia and Herzegovina,2019,35.5173075692623,36.8,100.0,6094.72482322311,2.88734334414875
Bosnia and Herzegovina,2020,35.5173075692623,37.7,100.0,6095.10423658487,-3.01509514759861
Bosnia and Herzegovina,2021,35.5173075692623,36.6,100.0,7237.27446250665,7.38996234012757
Bosnia and Herzegovina,2022,35.5173075692623,36.6,100.0,7587.58817346075,4.22681101095546
Botswana,2010,0.0,29.9,52.0,6041.73205119653,10.1222091179732
Botswana,2011,0.0,28.9,53.2,7080.77864262565,6.83852974803483
Botswana,2012,0.0,27.8,56.0,6392.98734736839,-0.170900761456892
Botswana,2013,0.108342361863489,26.7,58.0,6436.60331866558,11.1028237779771
Botswana,2014,0.0432338953739732,25.8,60.0,6844.03324966349,5.69477738185952
Botswana,2015,0.0337040781934614,26.1,62.1,5869.73757890628,-4.85133564036167
Botswana,2016,0.0337040781934614,26.7,64.2,6411.5518615966,7.20442475914267
Botswana,2017,0.0337040781934614,26.7,67.4,6705.34084567283,4.1143636634186
Botswana,2018,0.0337040781934614,25.6,68.3,6947.81784114167,4.18809355373698
Botswana,2019,0.0337040781934614,26.2,70.1,6691.16084579207,3.0322025744566
Botswana,2020,0.0337040781934614,27.7,71.8,5875.07043504191,3.0322025744566
Botswana,2021,0.0337040781934614,27.4,73.7,7244.15854755666,11.9206365085117
Botswana,2022,0.0337040781934614,27.4,75.9,7726.11099664689,5.48602817797183
Brazil,2010,84.7242338752678,46.8,98.6,11249.2918904352,7.52822581815364
Brazil,2011,87.1209969967485,45.2,99.3,13200.5562348789,3.97442307944702
Brazil,2012,82.4482831002635,43.5,99.5,12327.5131013057,1.92117598576537
Brazil,2013,76.6892081191253,42.3,99.6,12258.5657091866,3.00482266944432
Brazil,2014,73.0820738473312,41.7,99.7,12071.4044637296,0.503955740242247
Brazil,2015,73.9669080481113,43.7,99.7,8783.2154236384,-3.54576339269425
Brazil,2016,73.9669080481113,45.4,99.7,8680.73646873878,-3.27591690782192
Brazil,2017,73.9669080481113,45.3,99.8,9896.71889500528,1.32286905404399
Brazil,2018,73.9669080481113,46.9,99.7,9121.02099480377,1.783666761634
Brazil,2019,73.9669080481113,47.5,99.8,8845.32414932264,1.22077782360842
Brazil,2020,73.9669080481113,50.0,99.7,6923.6999117682,-3.2767587964736
Brazil,2021,73.9669080481113,46.5,99.5,7794.88097933152,4.76260437908608
Brazil,2022,73.9669080481113,46.5,100.0,9065.49733395404,3.01669435393015
British Virgin Islands,2011,0.810176421594609,0.9,98.7,,
British Virgin Islands,2012,0.816357671473259,0.9,98.9,,
British Virgin Islands,2013,1.02025277904675,1.0,99.1,,
British Virgin Islands,2014,1.28626981752917,1.0,99.2,,
British Virgin Islands,2015,1.28626981752917,1.0,100.0,,
British Virgin Islands,2016,1.28626981752917,1.0,100.0,,
British Virgin Islands,2017,1.28626981752917,1.1,100.0,,
British Virgin Islands,2018,1.28626981752917,1.2,100.0,,
British Virgin Islands,2019,1.28626981752917,1.2,100.0,,
British Virgin Islands,2020,1.28626981752917,1.3,100.0,,
British Virgin Islands,2021,1.28626981752917,1.3,100.0,,
British Virgin Islands,2022,1.28626981752917,1.3,100.0,,
Caribbean small states,2010,9.29089520670521,16.4555855096883,91.5159181270357,10389.1897204198,0.991500471284184
Caribbean small states,2011,9.13645551569962,18.5978595041322,92.5839052828049,10543.0135521409,1.71684568192545
Caribbean small states,2012,9.40062120938693,16.7119075144509,93.0796570790278,11057.1146467728,2.32803241515643
Caribbean small states,2013,9.24950836827249,14.9156804214223,93.5391399665848,11085.0516584357,0.0738276299494487
Caribbean small states,2014,9.26923353304161,12.9272812234494,93.9555303410912,11359.1648971172,1.76382445945195
Caribbean small states,2015,8.91477955359129,12.5615447822514,94.4839855823945,11629.1207744449,0.697970065643204
Caribbean small states,2016,8.91477955359129,12.1720060790274,95.1697890618449,11175.5737188632,0.471963597496924
Caribbean small states,2017,8.91477955359129,13.4630392156863,95.7430331185145,11576.2769685123,1.94326028621741
Caribbean small states,2018,8.91477955359129,12.6224453125,95.804767395244,11845.703369406,2.89116347683975
Caribbean small states,2019,8.91477955359129,10.2083831026948,96.2215700753372,12173.610811624,1.02465322343599
Caribbean small states,2020,8.91477955359129,10.7807413376309,97.0414890291467,10101.7904602533,1.02465322343599
Caribbean small states,2021,8.91477955359129,10.7807413376309,97.3939355970029,11732.8975463126,10.4440323505071
Caribbean small states,2022,8.91477955359129,10.7807413376309,97.5932932895718,15296.212982156,10.4440323505071
Central Europe and the Baltics,2010,15.2232589522177,14.5611703409059,98.9644271545097,12608.0230447431,1.43626802392811
Central Europe and the Baltics,2011,13.1919756772079,14.7632639324625,99.0682987223746,13964.4428865133,3.51420887602232
Central Europe and the Baltics,2012,14.9657421750934,15.6972877331338,99.2028803587246,13075.9491854658,0.825752520966148
Central Europe and the Baltics,2013,17.9448105342192,16.6678855360829,99.3046720045522,13667.9813810826,0.667716324872686
Central Europe and the Baltics,2014,20.5025605031294,17.0800618869512,99.4060407563452,14143.7397479462,3.21575278337589
Central Europe and the Baltics,2015,20.2528514083871,17.1450343733474,99.5333634023846,12528.0826430876,4.02632209202108
Central Europe and the Baltics,2016,20.2528514083871,16.872230338825,99.6409785046505,12785.3859233633,2.75319275014614
Central Europe and the Baltics,2017,20.2528514083871,16.4670211158335,99.86914260178,14225.8773247545,5.10127396652673
Central Europe and the Baltics,2018,20.2528514083871,18.1372029233605,99.8729516393806,16081.9110638536,4.94640018271339
Central Europe and the Baltics,2019,20.2528514083871,18.8782681268682,99.9455010885556,16355.8581493383,3.9085218171802
Central Europe and the Baltics,2020,20.2528514083871,19.6856532373123,99.9796417892388,16302.7546246465,-3.41747603978885
Central Europe and the Baltics,2021,20.2528514083871,19.6856532373123,99.9864361919036,18816.1336904293,6.43339870687696
Central Europe and the Baltics,2022,20.2528514083871,19.6856532373123,100.0,19414.7416594388,4.24707312691251
Early-demographic dividend,2010,18.7564025627965,24.8677344772296,79.4308386907906,2955.65666629522,6.51341351158096
Early-demographic dividend,2011,19.105243979483,24.1114815363071,81.1905466653954,3280.66762280697,4.91840214187388
Early-demographic dividend,2012,18.4072087708038,23.7733426106844,82.0864135138511,3380.96020009291,4.18268349884028
Early-demographic dividend,2013,19.0664207626243,24.0310143347149,83.8183331773528,3380.56460532398,4.057999545852
Early-demographic dividend,2014,18.2713436020664,23.4797969089408,84.7781290421301,3449.00559318256,4.12078257925089
Early-demographic dividend,2015,18.1048615435489,23.2586860898365,86.8527487873062,3234.22594362502,4.413613006364
Early-demographic dividend,2016,18.1048615435489,23.2950714112546,88.3686079048487,3284.23162293425,4.41966409712549
Early-demographic dividend,2017,18.1048615435489,22.9318932699064,90.5262379043035,3504.86445468793,4.6328678778804
Early-demographic dividend,2018,18.1048615435489,22.9799993263271,92.0349140485874,3499.78425455711,3.84020966703507
Early-demographic dividend,2019,18.1048615435489,23.3613434124336,92.834365738276,3528.99645119156,2.40227091068419
Early-demographic dividend,2020,18.1048615435489,25.039700621241,93.4926075631317,3254.22794317044,-4.36828773942052
Early-demographic dividend,2021,18.1048615435489,25.039700621241,95.2851631707137,3743.85887403193,7.62136441675764
Early-demographic dividend,2022,18.1048615435489,25.039700621241,95.1851634429426,4099.07591276369,5.58275972830056
East Asia & Pacific,2010,15.2059089464054,13.4161693347713,95.5626034799317,7726.91530280402,7.60959353290056
East Asia & Pacific,2011,14.6694070371852,12.7647566920643,96.0356345088724,8893.53254063017,5.46187263083029
East Asia & Pacific,2012,16.8256029847949,12.8225859693401,96.2259377706719,9436.8474533018,5.18305565925709
East Asia & Pacific,2013,17.4333175771315,12.8049975797319,96.4923953891213,9468.67974552162,5.24506084727628
East Asia & Pacific,2014,19.3014921760392,13.1914590207076,96.650227815738,9695.98311606399,4.75870428385912
East Asia & Pacific,2015,20.4124662224537,12.9503215901268,96.9635036230764,9586.05662481986,4.72838604064859
East Asia & Pacific,2016,20.4124662224537,13.3225867072793,97.0422752719492,9856.66562356527,4.65907989167707
East Asia & Pacific,2017,20.4124662224537,13.6095555971822,97.6980233866031,10454.5358035249,5.05317448248172
East Asia & Pacific,2018,20.4124662224537,13.829096339611,97.6650202588857,11312.9085413924,4.75915481378036
East Asia & Pacific,2019,20.4124662224537,14.2598277749117,97.8779427927934,11484.3410118407,3.96022191431953
East Asia & Pacific,2020,20.4124662224537,14.7357084471391,97.8013659805564,11487.8328132182,-0.144692822272759
East Asia & Pacific,2021,20.4124662224537,14.7357084471391,98.1555450173615,13141.5286612157,6.22113626390231
East Asia & Pacific,2022,20.4124662224537,14.7357084471391,98.2132410752903,12909.9187395962,2.88602957954214
East Asia & Pacific (IDA & IBRD countries),2010,18.2230833555545,15.7261133262709,95.9067842239033,4058.01931155212,9.92108201376767
East Asia & Pacific (IDA & IBRD countries),2011,16.8681586260816,14.7362101871014,96.4111315774067,4919.04779989091,8.64289773095604
East Asia & Pacific (IDA & IBRD countries),2012,19.8056651073016,14.7348010536402,96.5960048631249,5437.55960087902,7.58023773794096
East Asia & Pacific (IDA & IBRD countries),2013,20.0990688408502,14.5604398933454,96.8681738367327,5948.32993494812,7.29846415082417
East Asia & Pacific (IDA & IBRD countries),2014,22.1704367701982,14.8367730293056,97.0185492289121,6363.1236946339,6.98434973711566
East Asia & Pacific (IDA & IBRD countries),2015,23.2937330315463,14.4745004715235,97.342378290966,6572.88955264077,6.70720095585358
East Asia & Pacific (IDA & IBRD countries),2016,23.2937330315463,14.9072794927063,97.4042780321237,6666.30238489789,6.56457371022981
East Asia & Pacific (IDA & IBRD countries),2017,23.2937330315463,15.2141833608499,98.1128558182722,7231.05858273787,6.70740565027259
East Asia & Pacific (IDA & IBRD countries),2018,23.2937330315463,15.3363753505913,98.0496113702534,8033.20664789751,6.52484260710393
East Asia & Pacific (IDA & IBRD countries),2019,23.2937330315463,15.7506367453546,98.2621398882088,8262.81763368418,5.78182085585361
East Asia & Pacific (IDA & IBRD countries),2020,23.2937330315463,16.1221610096023,98.1511649991063,8354.73673784021,1.24678181948383
East Asia & Pacific (IDA & IBRD countries),2021,23.2937330315463,16.1221610096023,98.5234655577502,9922.57074410658,7.60341969056822
East Asia & Pacific (IDA & IBRD countries),2022,23.2937330315463,16.1221610096023,98.563293539577,10027.1765277205,3.41356550854968
East Asia & Pacific (excluding high income),2010,18.4171558661288,15.7124472488783,95.0717254052201,4012.12087849729,9.92144884456243
East Asia & Pacific (excluding high income),2011,17.0524523879895,14.7534030380126,95.5990894664393,4863.64922348988,8.642957947062
East Asia & Pacific (excluding high income),2012,19.9745727444916,14.7499203492228,95.8125543433821,5376.60387038264,7.58030545300147
East Asia & Pacific (excluding high income),2013,20.2631842250658,14.5938204412081,96.1103215995783,5881.94349657699,7.29872789260344
East Asia & Pacific (excluding high income),2014,22.3092981696362,14.8609234597099,96.2870699100877,6292.34645582796,6.98433194373406
East Asia & Pacific (excluding high income),2015,23.3946853496816,14.5014500109842,96.6357464510822,6499.96372015715,6.70715877038921
East Asia & Pacific (excluding high income),2016,23.3946853496816,14.9357827247603,96.7243162467113,6592.51791291846,6.56471186911301
East Asia & Pacific (excluding high income),2017,23.3946853496816,15.194633216799,97.4517427779889,7151.27470673284,6.70769640336606
East Asia & Pacific (excluding high income),2018,23.3946853496816,15.3248280132722,97.4161347769004,7944.75974327118,6.52499175086045
East Asia & Pacific (excluding high income),2019,23.3946853496816,15.7245460349995,97.6524316332846,8171.96552369406,5.7818918001209
East Asia & Pacific (excluding high income),2020,23.3946853496816,16.1032550340587,97.5687165889393,8262.92725428299,1.24692683762466
East Asia & Pacific (excluding high income),2021,23.3946853496816,16.1032550340587,97.9617970162443,9813.48481652444,7.60374970783415
East Asia & Pacific (excluding high income),2022,23.3946853496816,16.1032550340587,98.026194403413,9916.80434352001,3.41361786942464
Euro area,2010,21.2767408085864,13.3823231084588,99.9960386897707,37303.4106694703,2.16469039989342
Euro area,2011,21.5052175895903,13.4572131501354,99.9961133735051,40329.4236300834,1.71459720583233
Euro area,2012,24.2670151241074,14.8947324128696,100.0,37290.7997649417,-0.850659262329472
Euro area,2013,27.8493233025013,15.7192598303534,100.0,38806.3692061745,-0.219171747257874
Euro area,2014,29.2429528736913,16.331468684164,100.0,39594.5952922423,1.39827851322592
Euro area,2015,28.718468796329,16.3267602137596,100.0,34118.3659418664,2.05440886774878
Euro area,2016,28.718468796329,16.373865431701,100.0,34889.6717204536,1.86578632128172
Euro area,2017,28.718468796329,16.5895000626086,100.0,36878.9370566652,2.62860957024193
Euro area,2018,28.718468796329,17.5597413951391,100.0,39754.4354659311,1.78893526039165
Euro area,2019,28.718468796329,18.1340819773096,100.0,38904.6070562194,1.5904260702233
Euro area,2020,28.718468796329,19.8558785087338,100.0,37915.3833633908,-6.11006917047806
Euro area,2021,28.718468796329,19.8558785087338,100.0,42527.524210531,5.96333641598549
Euro area,2022,28.718468796329,19.8558785087338,100.0,40835.654761862,3.42612123895194
Europe & Central Asia,2010,22.2857019912314,10.8853454528135,99.6647252554385,23638.5533089674,2.65927374125172
Europe & Central Asia,2011,22.1169473410205,10.7488701184553,99.6634237823206,26149.0584719128,2.34758029192039
Europe & Central Asia,2012,24.2305344289319,11.6012722289391,99.8279045819236,25096.1835441736,0.35998868251805
Europe & Central Asia,2013,26.4238320033338,12.288853120323,99.848934322004,26096.9182077355,0.847820021756007
Europe & Central Asia,2014,27.1158847985578,12.4375558577975,99.8754093344162,26341.0777711528,1.92660037280281
Europe & Central Asia,2015,28.020176437837,12.8793455872569,99.1669776184071,22579.1836978638,2.0581470448719
Europe & Central Asia,2016,28.020176437837,12.8936464767637,99.8283065055591,22398.149896359,1.89982163138352
Europe & Central Asia,2017,28.020176437837,12.9052522337975,99.9637094037616,23670.8127114864,2.90872250204244
Europe & Central Asia,2018,28.020176437837,13.4812435923024,99.9704727607712,25255.0647194697,2.13444056000746
Europe & Central Asia,2019,28.020176437837,14.0196776583139,99.9533142481858,24867.4720139645,1.80525623034259
Europe & Central Asia,2020,28.020176437837,15.1438025767545,99.9760236823625,23994.9286739351,-5.46244371164977
Europe & Central Asia,2021,28.020176437837,15.1438025767545,99.9881579022417,27409.9227679737,6.52385192111231
Europe & Central Asia,2022,28.020176437837,15.1438025767545,99.9977236468108,27567.4143997687,3.15749866416037
Europe & Central Asia (IDA & IBRD countries),2010,18.4234439113138,6.47053937004181,99.3266273941598,8283.73811651557,4.63262462961245
Europe & Central Asia (IDA & IBRD countries),2011,16.9680319894397,6.07092779006697,99.3256273395661,10028.3339301272,5.92848340033075
Europe & Central Asia (IDA & IBRD countries),2012,17.2915104694261,6.31102741897139,99.6539188651353,10423.4458304472,3.45602286525539
Europe & Central Asia (IDA & IBRD countries),2013,19.2024637261094,6.84289164403339,99.6963651670089,10971.18094194,3.39150568218889
Europe & Central Asia (IDA & IBRD countries),2014,18.1949914816546,6.5278379664623,99.7496943982014,10313.1152736828,2.33777127305463
Europe & Central Asia (IDA & IBRD countries),2015,19.1488620739772,6.91537820498688,98.3274195169609,8014.50415079485,1.48815723386977
Europe & Central Asia (IDA & IBRD countries),2016,19.1488620739772,7.02388910258759,99.655469757283,7662.53290925723,1.8525064629824
Europe & Central Asia (IDA & IBRD countries),2017,19.1488620739772,6.78336326599948,99.9272265326044,8554.01109678491,4.29253214633275
Europe & Central Asia (IDA & IBRD countries),2018,19.1488620739772,7.24893746815336,99.940819336018,8883.5015112008,3.69471936803782
Europe & Central Asia (IDA & IBRD countries),2019,19.1488620739772,7.60488014385583,99.9065322711927,9022.69589831855,2.65714284041665
Europe & Central Asia (IDA & IBRD countries),2020,19.1488620739772,8.04684136612882,99.9520178888209,8437.72850580865,-1.46289536902678
Europe & Central Asia (IDA & IBRD countries),2021,19.1488620739772,8.04684136612882,99.9763188018388,9985.47709265927,7.38646816523473
Europe & Central Asia (IDA & IBRD countries),2022,19.1488620739772,8.04684136612882,99.9954069607762,11413.9150111898,1.767977505166
Europe & Central Asia (excluding high income),2010,18.5527642727545,7.81138348689355,99.6062839795443,6022.63009837271,7.06748297511824
Europe & Central Asia (excluding high income),2011,17.2559082455186,7.07550299115202,99.6163544203247,6785.42242448646,8.58664528786947
Europe & Central Asia (excluding high income),2012,17.4439054435806,7.51228880189759,99.6933609629777,7100.35950963203,4.05054798319775
Europe & Central Asia (excluding high income),2013,19.1457947409382,8.03083316618193,99.7278582018934,7678.78503080788,6.58598057841522
Europe & Central Asia (excluding high income),2014,17.4732331191995,7.76451321901454,99.7837597994349,7307.04619062948,3.37291324377567
Europe & Central Asia (excluding high income),2015,18.6180188378284,8.9044561039704,99.7676812016782,6312.15034167041,3.58755229325712
Europe & Central Asia (excluding high income),2016,18.6180188378284,9.05560595696783,99.8655891836026,6006.36708907309,2.78533413629492
Europe & Central Asia (excluding high income),2017,18.6180188378284,8.68153690303907,99.9183821940095,6111.39433717826,5.82147037918305
Europe & Central Asia (excluding high income),2018,18.6180188378284,9.11860923575479,99.942320081113,5957.82642405214,3.5134921058027
Europe & Central Asia (excluding high income),2019,18.6180188378284,10.0360486681089,99.9663713381538,6022.63238606854,2.24722492786316
Europe & Central Asia (excluding high income),2020,18.6180188378284,10.0828079236402,99.9777773685799,5738.25499247106,0.321073682012468
Europe & Central Asia (excluding high income),2021,18.6180188378284,10.0828079236402,99.9616380974146,6620.20379563516,9.00036510298978
Europe & Central Asia (excluding high income),2022,18.6180188378284,10.0828079236402,99.9914644530224,7302.23861126112,3.07761568064204
European Union,2010,22.1055537338523,14.4819868668562,99.7551004653457,32965.7749921581,2.22511838510061
European Union,2011,22.1584890503021,14.6476287872772,99.7797963692521,35767.3390670531,1.9009568406489
European Union,2012,25.0092075278919,16.0638884841707,99.8123127469614,33169.4056830501,-0.701866418422895
European Union,2013,27.904969647875,16.8108248593668,99.8370267105699,34564.9404479271,-0.082642393429694
European Union,2014,29.5794663230103,17.4502355668158,99.8614239812103,35282.5164630827,1.60065250159793
European Union,2015,29.7153524985896,17.6013864447651,99.8916168370621,30487.6523692732,2.30937774489288
European Union,2016,29.7153524985896,17.5430290745386,99.9170013923783,31174.7535083936,1.97230777572166
European Union,2017,29.7153524985896,17.6948545926672,99.9698703678352,33091.3890251906,2.84476536928575
European Union,2018,29.7153524985896,18.7304117385027,99.9708561296605,35752.5873421988,2.06690196954229
European Union,2019,29.7153524985896,19.3462835156226,99.9875256636779,35080.9147971764,1.80531197138112
European Union,2020,29.7153524985896,21.121106310957,99.9953534951789,34357.1199881912,-5.65285689951504
European Union,2021,29.7153524985896,21.121106310957,99.9969239356276,38720.8751728955,6.00872929242561
European Union,2022,29.7153524985896,21.121106310957,100.0,37466.6963511535,3.47865373531921
Fragile and conflict affected situations,2010,38.9542505157705,51.8410966665012,46.0834395209411,2046.88700724028,7.01741756593431
Fragile and conflict affected situations,2011,40.42970288347,52.3280293306684,47.9278089002202,2086.15621829409,0.0438829587353808
Fragile and conflict affected situations,2012,39.7020315911746,52.059126237069,48.9838938213554,2277.69164040928,5.57037188422089
Fragile and conflict affected situations,2013,39.2392619221378,52.6530661299464,50.6240186520303,2311.345853399,3.48339256279149
Fragile and conflict affected situations,2014,38.3939087964932,53.9001464852927,50.0334416807631,2396.43588704561,2.09628835920796
Fragile and conflict affected situations,2015,36.1866436756877,57.9569141971482,50.0818317262279,1845.31230428842,1.07053760946113
Fragile and conflict affected situations,2016,36.1866436756877,58.2962779162406,54.1947420802944,1663.08517085287,2.16715558337386
Fragile and conflict affected situations,2017,36.1866436756877,58.4149495065343,54.5631752651004,1690.94404160881,2.5433347260378
Fragile and conflict affected situations,2018,36.1866436756877,57.6850587921215,54.5831226685803,1852.26631004128,2.72015847064731
Fragile and conflict affected situations,2019,36.1866436756877,58.5399752247847,55.5016312834383,1923.17068917178,2.52349885724942
Fragile and conflict affected situations,2020,36.1866436756877,61.3326504303219,56.346408400069,1725.7217597946,-6.35338636086044
Fragile and conflict affected situations,2021,36.1866436756877,61.3326504303219,57.8615299350207,1792.92066416628,4.56899423218873
Fragile and conflict affected situations,2022,36.1866436756877,61.3326504303219,57.8181418204066,1913.3742283108,1.46339696745457
Heavily indebted poor countries (HIPC),2010,69.2081894479672,79.5373309082953,28.6999877331628,806.813557896356,6.10051199969016
Heavily indebted poor countries (HIPC),2011,68.1845271117751,78.9038085542356,29.1958862948857,869.227251067144,4.46204791584898
Heavily indebted poor countries (HIPC),2012,67.2814271281391,77.8930030617233,31.9315386194903,874.711729771277,3.97711292045133
Heavily indebted poor countries (HIPC),2013,67.6719938781664,77.6224813488142,32.9161953356141,955.194596348049,5.64048443542617
Heavily indebted poor countries (HIPC),2014,67.0482605538032,77.3299184627801,35.3989999768092,982.631507838096,5.84589240559994
Heavily indebted poor countries (HIPC),2015,63.4212917803423,76.6911172607444,35.4839102740872,917.721459685355,4.81618711096149
Heavily indebted poor countries (HIPC),2016,63.4212917803423,76.3528913633281,40.6329285874508,901.324893112879,4.44296838242349
Heavily indebted poor countries (HIPC),2017,63.4212917803423,75.8548278612256,41.5183905621843,940.767399878295,5.00347347755732
Heavily indebted poor countries (HIPC),2018,63.4212917803423,75.4868903270492,44.0132817192788,977.279226207199,4.19327692653373
Heavily indebted poor countries (HIPC),2019,63.4212917803423,74.9448755678555,45.0522458898094,985.590876409076,4.42098571652352
Heavily indebted poor countries (HIPC),2020,63.4212917803423,75.9082587937648,46.3640414093557,968.133367537043,0.236251143945921
Heavily indebted poor countries (HIPC),2021,63.4212917803423,75.9082587937648,48.0509504079887,1047.734015017,4.19513247848164
Heavily indebted poor countries (HIPC),2022,63.4212917803423,75.9082587937648,48.6553933920956,1110.1304329994,4.79636099899177
High income,2010,16.5551594833155,9.11805332894837,99.7858029653497,35574.872977584,3.0483401750343
High income,2011,17.7859009350772,9.48384203705067,99.7873727242789,38570.6578513538,2.01785170589382
High income,2012,18.6823372166667,9.95677795843462,99.89698965685,38510.7070184443,1.47288810559398
High income,2013,19.9104588767697,10.4197971507971,99.8998724853344,38847.0867199254,1.59795707356696
High income,2014,20.7204618774856,10.5598904734595,99.9189168958054,39280.6224525688,2.14176816474907
High income,2015,21.2575349240925,10.60312740544,99.4422835628403,36482.9965260467,2.32552627513027
High income,2016,21.2575349240925,10.7935160008668,99.8758820464439,36993.533269398,1.8330409085689
High income,2017,21.2575349240925,11.133700549377,99.9608075777366,38707.9315420479,2.47631841025758
High income,2018,21.2575349240925,11.5041810226345,99.9631057051384,40958.3706534705,2.36999444408524
High income,2019,21.2575349240925,11.8466742265098,99.9505379687558,41188.7704617624,1.84582706522258
High income,2020,21.2575349240925,12.8227256482974,99.9686544956864,40023.7382985043,-3.91466926056485
High income,2021,21.2575349240925,12.8227256482974,99.9798902530907,44840.3585005322,5.58436815582274
High income,2022,21.2575349240925,12.8227256482974,99.9798069474748,46165.6150408536,2.64158610536651
IBRD only,2010,22.0959286354888,16.7272460910101,91.4553925085068,4545.56505299771,7.81582458498562
IBRD only,2011,21.2658969912682,15.9736658791588,92.5140783488703,5326.06099788271,6.38123317587905
IBRD only,2012,22.2348452897911,15.887836659539,92.7775998893892,5601.06078266917,5.44666854104028
IBRD only,2013,22.6252487970845,16.0065412982122,93.7926743773623,5844.93320229882,5.22177515597035
IBRD only,2014,23.3054990272703,16.0045069649585,94.4349904993138,5978.09034763574,4.79272033851731
IBRD only,2015,23.6809578985987,16.0016686563943,95.1884141896381,5541.33759395986,4.40453094782347
IBRD only,2016,23.6809578985987,16.2907775762078,95.847095252009,5528.04543069571,4.55662192021697
IBRD only,2017,23.6809578985987,16.4245356938965,96.6140192932522,6048.21917294317,5.24165035492055
IBRD only,2018,23.6809578985987,16.6398993293642,97.7587635009644,6378.53885411053,4.93566542257318
IBRD only,2019,23.6809578985987,17.0691737335591,97.8867643059813,6465.81328082011,3.98398105981117
IBRD only,2020,23.6809578985987,17.9072627124639,98.0667929887089,6185.51925977404,-1.4012044301338
IBRD only,2021,23.6809578985987,17.9072627124639,99.1169517100785,7301.908085568,7.62848296591747
IBRD only,2022,23.6809578985987,17.9072627124639,98.9771817674784,7681.29525722277,3.6016886245835
IDA & IBRD total,2010,22.9355035712392,22.2906265971934,80.7532234712778,3715.33075040603,7.6831010647312
IDA & IBRD total,2011,22.1003864094556,21.5517160046757,82.0188106424324,4324.92237161415,6.20346196644704
IDA & IBRD total,2012,23.0402244408489,21.4339037224209,82.5367346438402,4532.36565140012,5.28463225246539
IDA & IBRD total,2013,23.4192747148235,21.5875277098192,83.4522883506975,4727.63262517946,5.22325358422692
IDA & IBRD total,2014,24.0794589187609,21.5577206112403,84.0374385425314,4837.15195672936,4.84630868421327
IDA & IBRD total,2015,24.4305355547567,21.6294500257339,84.8979365612511,4484.4893837025,4.32675343024572
IDA & IBRD total,2016,24.4305355547567,21.8679040434864,86.2839085579144,4456.76020150655,4.45496451944591
IDA & IBRD total,2017,24.4305355547567,21.8896755439064,87.2637509200286,4837.06302141945,5.14241842009484
IDA & IBRD total,2018,24.4305355547567,22.0047012464396,88.2960951797823,5088.01277247711,4.89001452039273
IDA & IBRD total,2019,24.4305355547567,22.468599154823,88.6615853993001,5144.37243935275,3.9791190559074
IDA & IBRD total,2020,24.4305355547567,23.4476328333485,89.0003692130539,4907.28699204586,-1.35543501142301
IDA & IBRD total,2021,24.4305355547567,23.4476328333485,90.1059784759654,5731.30618464805,7.38665926475153
IDA & IBRD total,2022,24.4305355547567,23.4476328333485,90.0236427088539,6006.27309700773,3.65354606149431
IDA blend,2010,33.1927293579611,60.7194266961421,64.1940303289321,1561.88487324012,5.93359435773799
IDA blend,2011,30.4888261946759,60.2378919914661,68.6167293354212,1742.64735111747,4.59192246186737
IDA blend,2012,31.6415581907042,62.4246639753473,68.3112284181303,1893.55244216416,4.38188791820858
IDA blend,2013,31.0129782629991,62.246393373411,69.5489695520945,2015.46091136143,5.51522110336258
IDA blend,2014,31.5369661545336,61.8385923740395,68.7595094033684,2142.38203516532,5.60732495084059
IDA blend,2015,31.6052727855271,62.3735090978928,69.0584544888191,1993.78936181267,3.74047100367632
IDA blend,2016,31.6052727855271,61.1429771294734,72.8985169734875,1826.22694665161,2.08732977261732
IDA blend,2017,31.6052727855271,60.3514227034789,71.9060547127056,1760.54249485162,2.55579179719419
IDA blend,2018,31.6052727855271,60.6786683586862,73.3946899985265,1884.99739961197,3.84829204032468
IDA blend,2019,31.6052727855271,61.3471359722926,74.1134591811169,1883.54621067899,2.77073135741782
IDA blend,2020,31.6052727855271,61.8135119432936,74.6422206071065,1727.91170329901,-1.41574291758334
IDA blend,2021,31.6052727855271,61.8135119432936,76.6323166518695,1851.4710158931,5.16429410899273
IDA blend,2022,31.6052727855271,61.8135119432936,77.2202249370555,1942.51277029827,4.2154910324581
IDA only,2010,48.1312774635432,70.6595690531759,38.6482077747525,894.028225032963,6.43091323451451
IDA only,2011,49.952506165163,70.2619145520891,39.9325620355684,977.293174341115,3.78665535227746
IDA only,2012,50.2666951618968,69.4657461111473,42.6174425134692,957.833029628504,2.47364864456929
IDA only,2013,51.9448346718495,70.1464611269744,43.4204733327265,1021.33861643635,4.97941208031416
IDA only,2014,52.0128548037485,69.6562399839569,44.9427767431572,1068.89668940566,5.36332000691675
IDA only,2015,50.5805933423373,69.1093366553274,47.0891947927519,1042.15535457657,3.09222401192028
IDA only,2016,50.5805933423373,68.4210424630041,50.9990853826559,1077.4759697027,4.35951929288596
IDA only,2017,50.5805933423373,67.0471204885368,54.4361536322367,1135.9391535687,5.25609876832121
IDA only,2018,50.5805933423373,65.978725121955,55.3160844961813,1181.41399480963,4.7775026978655
IDA only,2019,50.5805933423373,66.0828976952488,57.0959550724622,1214.9263173816,4.96526418580667
IDA only,2020,50.5805933423373,67.3068700263257,58.6069711033586,1201.23401871581,-0.237845290364646
IDA only,2021,50.5805933423373,67.3068700263257,60.1327212117,1274.07782915018,3.78918249767895
IDA only,2022,50.5805933423373,67.3068700263257,60.6234216234335,1339.94195382428,4.39591712669399
IDA total,2010,41.4807578454985,65.7143853561922,47.2315868424826,1118.14320489439,6.19094592287242
IDA total,2011,41.3807780984688,65.2675994605529,49.5791632530865,1234.36502272747,4.1742728039068
IDA total,2012,42.0886151273382,65.9581495375944,51.2564518000114,1272.06560101068,3.39586720580698
IDA total,2013,42.5732835709551,66.2272364460917,52.2023027615049,1355.06320147963,5.24082859450215
IDA total,2014,42.8299525140836,65.8203219173824,52.9422008030466,1429.02963708014,5.48255060026422
IDA total,2015,42.2242202978453,65.8156959470969,54.457463855061,1360.96217666755,3.40935816047579
IDA total,2016,42.2242202978453,64.842847006727,58.3264142215853,1327.72429067074,3.24436380993637
IDA total,2017,42.2242202978453,63.756726238097,60.2679332649365,1344.21682075242,3.94568182094561
IDA total,2018,42.2242202978453,63.4026954501762,61.3394550392999,1415.58155009747,4.33260077222064
IDA total,2019,42.2242202978453,63.7978174415488,62.7544694323566,1437.01918707643,3.91940910668565
IDA total,2020,42.2242202978453,64.6604716333897,63.9296623394879,1375.88014891477,-0.79299453521206
IDA total,2021,42.2242202978453,64.6604716333897,65.6017359512866,1465.2729133797,4.43321143726286
IDA total,2022,42.2242202978453,64.6604716333897,66.1197318922923,1539.29371688164,4.31029853089058
Late-demographic dividend,2010,23.3550921716623,14.2153188758712,98.364807696634,6214.55975105911,8.0143063499327
Late-demographic dividend,2011,22.2110166942433,13.5308228801371,98.6384551783963,7525.95295469404,7.18573358555956
Late-demographic dividend,2012,23.8323377660687,13.582850422228,98.7245385834476,7991.52181831224,5.81560724091659
Late-demographic dividend,2013,23.9293220161571,13.6438163401403,98.9069815179642,8544.37668923862,5.61144045110311
Late-demographic dividend,2014,25.2546138320817,13.8134442754648,99.0133006644742,8811.76064524285,5.22564526224352
Late-demographic dividend,2015,25.7983124625381,13.767259438093,98.7891607198295,8212.74329215127,4.69985991310821
Late-demographic dividend,2016,25.7983124625381,14.1073917695408,99.1246661085904,8180.74109097909,4.4722484999854
Late-demographic dividend,2017,25.7983124625381,14.4100287679332,99.2795749258714,9020.04276617454,5.30401396529471
Late-demographic dividend,2018,25.7983124625381,14.7553404842946,99.2872327792157,9837.55232050728,5.42417140935132
Late-demographic dividend,2019,25.7983124625381,15.2296231693135,99.3356536729549,9976.98358578555,4.65099889123923
Late-demographic dividend,2020,25.7983124625381,15.7680400930135,99.3926777630817,9719.11873198067,0.199854474511071
Late-demographic dividend,2021,25.7983124625381,15.7680400930135,99.416690000063,11567.2202575024,7.44958400150686
Late-demographic dividend,2022,25.7983124625381,15.7680400930135,99.4825175455422,12068.2132845942,3.17751274112688
Latin America & Caribbean,2010,56.4046214332476,29.0249859430889,95.874798098782,9162.44026614175,6.38867447241222
Latin America & Caribbean,2011,57.45282608695,28.4728630716316,96.1850693362319,10305.9532671551,4.39554306774599
Latin America & Caribbean,2012,54.8854274497329,27.8903446023191,96.5713620953644,10311.6068882829,2.56661951138936
Latin America & Caribbean,2013,53.2331374212369,27.7567487218568,96.8678927010787,10453.3219386333,2.76026849303479
Latin America & Caribbean,2014,53.0628403867237,27.7129528789215,97.0593672921663,10540.9906252007,1.33653843601968
Latin America & Caribbean,2015,51.7047484880064,28.2239453077283,97.2889505262466,8719.62575346093,0.407853687760664
Latin America & Caribbean,2016,51.7047484880064,28.9082234379621,97.4818550592041,8417.3721092089,-0.334793597648641
Latin America & Caribbean,2017,51.7047484880064,29.4019983736021,97.7135942305631,9256.11626423804,1.88982523332572
Latin America & Caribbean,2018,51.7047484880064,30.2527972063643,97.7603349993766,8978.11590246576,1.57170629806997
Latin America & Caribbean,2019,51.7047484880064,30.6590142545584,98.0015266427987,8771.14453844381,0.718740959001622
Latin America & Caribbean,2020,51.7047484880064,33.9329422959945,98.152759448219,7386.13505696924,-6.64924567289505
Latin America & Caribbean,2021,51.7047484880064,33.9329422959945,98.2743453702088,8516.30960050376,6.99679192745977
Latin America & Caribbean,2022,51.7047484880064,33.9329422959945,98.5791344954591,9618.70743198645,3.98793094722834
Latin America & Caribbean (excluding high income),2010,57.7493928339598,30.8121929294819,95.5919906930777,8613.65512681046,6.6720676437814
Latin America & Caribbean (excluding high income),2011,58.8099875476411,29.9603748780363,95.9449889700522,9944.48258656914,4.42530345672121
Latin America & Caribbean (excluding high income),2012,56.2530025010624,29.3632801948691,96.3200596431781,9791.83868901728,2.37115639361687
Latin America & Caribbean (excluding high income),2013,54.1093783328245,28.9652953001049,96.6579848066338,9939.83042029737,2.76540819718329
Latin America & Caribbean (excluding high income),2014,53.3065944861537,29.2113277535272,96.8125407490586,9872.41105467888,1.29588598740295
Latin America & Caribbean (excluding high income),2015,52.095055465217,29.4162794524791,97.0711664557134,8297.30225777455,0.292573684049671
Latin America & Caribbean (excluding high income),2016,52.095055465217,30.1348141405752,97.3029797168612,7968.02217920097,-0.483657124690296
Latin America & Caribbean (excluding high income),2017,52.095055465217,30.656656872441,97.5717475090532,8788.65434317749,2.01747161889023
Latin America & Caribbean (excluding high income),2018,52.095055465217,31.492321617093,97.5791568486266,8446.45505331899,1.56534077715564
Latin America & Caribbean (excluding high income),2019,52.095055465217,31.7800559277684,97.8532110437475,8245.29566055528,0.665471963458231
Latin America & Caribbean (excluding high income),2020,52.095055465217,34.9291087228736,98.0060017525721,6882.22060784085,-6.54268614832709
Latin America & Caribbean (excluding high income),2021,52.095055465217,34.9291087228736,98.1365448192491,7916.81292030137,6.8144664615359
Latin America & Caribbean (excluding high income),2022,52.095055465217,34.9291087228736,98.4762455431909,9033.75537958903,3.87705264535334
Latin America & the Caribbean (IDA & IBRD countries),2010,58.3403103483383,29.3733561573885,95.8047330909307,9094.53916060704,6.67885359688496
Latin America & the Caribbean (IDA & IBRD countries),2011,59.2993361626618,28.7480981973053,96.1194682119716,10248.7036106318,4.56888314960383
Latin America & the Caribbean (IDA & IBRD countries),2012,56.6035114893513,28.1577248904094,96.5117378204747,10244.3119313466,2.64061792983136
Latin America & the Caribbean (IDA & IBRD countries),2013,54.839090541964,28.023018911331,96.8127967249561,10382.5128402228,2.85307149768907
Latin America & the Caribbean (IDA & IBRD countries),2014,54.6158948979749,27.9150083442527,97.0063562569368,10464.8864512803,1.3983055506331
Latin America & the Caribbean (IDA & IBRD countries),2015,53.2443890816753,28.4665300969292,97.2370514445961,8577.804211342,0.366253546005808
Latin America & the Caribbean (IDA & IBRD countries),2016,53.2443890816753,29.1719760342785,97.4319920019967,8258.39951873525,-0.336265482915181
Latin America & the Caribbean (IDA & IBRD countries),2017,53.2443890816753,29.6360964977693,97.6667483687171,9110.90175054244,1.99124100567356
Latin America & the Caribbean (IDA & IBRD countries),2018,53.2443890816753,30.4957364186851,97.7119543642317,8822.12438662919,1.67447248999927
Latin America & the Caribbean (IDA & IBRD countries),2019,53.2443890816753,30.9074462982408,97.9559417265741,8596.41766087618,0.717567356400423
Latin America & the Caribbean (IDA & IBRD countries),2020,53.2443890816753,34.2376570603295,98.1092788328358,7183.58454333269,-6.56698628427809
Latin America & the Caribbean (IDA & IBRD countries),2021,53.2443890816753,34.2376570603295,98.2324938466415,8304.28022515683,7.20083212845076
Latin America & the Caribbean (IDA & IBRD countries),2022,53.2443890816753,34.2376570603295,98.5451250779113,9388.72096989775,4.00758799340008
Least developed countries: UN classification,2010,54.5707640322702,75.8238613389606,32.9296486252838,815.646959616719,6.2384348797125
Least developed countries: UN classification,2011,54.8821113297226,75.2784077627562,34.4200084169802,907.936012242016,3.20845387811421
Least developed countries: UN classification,2012,52.5092149250061,74.1893225942829,37.7843946719531,926.086852143228,3.14731726521788
Least developed countries: UN classification,2013,52.767238012838,73.4895678063178,38.1573707830987,984.580674622207,5.70109675500126
Least developed countries: UN classification,2014,51.933782738775,72.8091623290999,39.4566989775184,1033.33444875626,5.61540054823142
Least developed countries: UN classification,2015,52.1781243930469,72.586786783296,42.2813802769193,968.123889466947,2.68376430305715
Least developed countries: UN classification,2016,52.1781243930469,71.977349657531,46.3321398827951,961.052941601299,3.67436691389086
Least developed countries: UN classification,2017,52.1781243930469,70.7237180071876,50.2107357057394,1026.5687075244,4.47817465594949
Least developed countries: UN classification,2018,52.1781243930469,69.7689814757559,51.1674138439625,1066.18135482911,4.55790080139364
Least developed countries: UN classification,2019,52.1781243930469,69.6544391506635,52.9514648159524,1098.40753887349,5.006065947411
Least developed countries: UN classification,2020,52.1781243930469,70.9349084202493,54.562507330301,1082.9929209144,-0.0670758300886405
Least developed countries: UN classification,2021,52.1781243930469,70.9349084202493,56.2251693973526,1152.85242267264,2.77217553498012
Least developed countries: UN classification,2022,52.1781243930469,70.9349084202493,56.8264012842674,1267.00441526421,4.63041795567753
Low & middle income,2010,22.4270538097136,24.42140986766,79.7077755404339,3347.24009059215,8.15747598462772
Low & middle income,2011,21.6219867190171,23.5641076061905,81.0469468324687,3887.39876208677,6.38248163602593
Low & middle income,2012,22.6231982643175,23.3737721007755,81.5788098974227,4075.45456463474,5.47567183028764
Low & middle income,2013,22.9463867334061,23.3635991441574,82.5487263224242,4263.49997053287,5.60307147080108
Low & middle income,2014,23.47973185643,23.4128918494465,83.1677876328261,4401.68800338689,5.15793176426351
Low & middle income,2015,23.9117873463394,23.4438501781898,84.1863196499328,4214.45758022272,4.73674282188234
Low & middle income,2016,23.9117873463394,23.7298727215053,85.5482587344368,4202.3081380546,4.76143528665671
Low & middle income,2017,23.9117873463394,23.7676399979481,86.565149962679,4528.2851864622,5.33999436113508
Low & middle income,2018,23.9117873463394,23.8468961304687,87.6492919680925,4754.57584654863,4.99018331620758
Low & middle income,2019,23.9117873463394,24.3350858902724,88.0490889564092,4810.52084108954,4.08539765236242
Low & middle income,2020,23.9117873463394,25.2624895725564,88.4120504553677,4608.95487620396,-1.18968667762738
Low & middle income,2021,23.9117873463394,25.2624895725564,89.570092140798,5370.44444121979,7.4245459256278
Low & middle income,2022,23.9117873463394,25.2624895725564,89.5002576329068,5582.45257367253,3.8490251921765
Low income,2010,50.8451641153147,68.6696220935199,26.1750839024267,729.971790245327,6.98284424098645
Low income,2011,55.3239123869817,71.0010646587502,26.742940355529,769.761455012423,0.785974727337816
Low income,2012,58.3444288481937,71.7849354788423,29.8399090818495,706.851453137953,-3.21602082008779
Low income,2013,64.9411537500947,74.1732105894448,30.8819126727458,711.755071068425,3.29108255846829
Low income,2014,66.0567336505688,74.1084894111486,32.2789179055918,743.495153826226,4.39079571471675
Low income,2015,65.7620086927183,76.8998452939415,32.2126229767553,714.771564692477,-0.569703594123581
Low income,2016,65.7620086927183,76.8148994059855,37.4463085105182,642.048021882497,2.02314722788807
Low income,2017,65.7620086927183,73.4896036079887,39.0805495764912,654.651268016387,3.0386972177858
Low income,2018,65.7620086927183,73.0350572190928,40.4843611286372,662.943016876892,3.41613589314854
Low income,2019,65.7620086927183,72.572177208648,41.836982681727,686.357799279352,4.23360610408281
Low income,2020,65.7620086927183,74.2129740199587,43.217947106415,659.290978844395,0.344386863215163
Low income,2021,65.7620086927183,74.2129740199587,44.8163768347735,680.657477755926,2.06974668577087
Low income,2022,65.7620086927183,74.2129740199587,44.9483258927663,753.954266799717,3.73694196526743
Lower middle income,2010,17.8889771370112,44.1423325863095,71.7400926343142,1496.46610431584,6.86281035259049
Lower middle income,2011,18.265682794802,43.3890943836142,74.6562833173487,1642.07581394258,4.75431778102191
Lower middle income,2012,17.6839201344601,43.4740995063709,75.1991406633095,1707.0342010708,5.16102451376139
Lower middle income,2013,18.6729025357773,43.4536986548303,77.1707198093923,1776.30331267552,5.6744438273773
Lower middle income,2014,17.890267636081,42.5324013868184,78.3455492706838,1888.1642285148,6.11248428187641
Lower middle income,2015,17.2470576925425,41.6452035961217,80.7234409574285,1856.92603274113,5.93364859554003
Lower middle income,2016,17.2470576925425,40.8186366784506,82.7714915723345,1906.05841740326,5.69252436082309
Lower middle income,2017,17.2470576925425,40.1020091374381,84.7280368393812,2018.06133276216,5.45719053900642
Lower middle income,2018,17.2470576925425,39.8927751432776,86.9830368829659,2089.07047033603,5.43893672180083
Lower middle income,2019,17.2470576925425,40.2527062566402,87.6841442253686,2162.54888541798,4.05632316283419
Lower middle income,2020,17.2470576925425,42.0418737551124,88.4522403939564,2065.92318543948,-3.58530943059182
Lower middle income,2021,17.2470576925425,42.0418737551124,90.6238225668445,2311.12106091849,6.6513506094125
Lower middle income,2022,17.2470576925425,42.0418737551124,90.6193347387435,2430.52646293958,5.82230668120529
Middle East & North Africa,2010,3.22307439152637,1.8966743328423,95.9190838447785,7086.15455165678,5.06022867900147
Middle East & North Africa,2011,3.19549263656622,1.8408441007538,95.9245996107681,8365.3385569835,3.74759282285639
Middle East & North Africa,2012,3.14977744416757,1.62312790599374,95.4266208316675,8838.39907272597,3.9393403876909
Middle East & North Africa,2013,3.41542908312813,1.6496896044444,97.0765629238766,8518.95410497194,2.17346004174705
Middle East & North Africa,2014,2.96179844747117,1.55983968192329,96.5203825283056,8403.78985559684,2.83288241151803
Middle East & North Africa,2015,2.74145613367148,1.52743020528242,96.5086550115235,7266.6592292899,2.69041730604347
Middle East & North Africa,2016,2.74145613367148,1.59450912093299,96.7983436224903,7204.57374392984,4.35975377623123
Middle East & North Africa,2017,2.74145613367148,1.58715383690058,97.6250026473811,7380.40569942152,1.95724359651095
Middle East & North Africa,2018,2.74145613367148,1.66391905189931,96.1467646904579,7607.52262859622,2.26225934406503
Middle East & North Africa,2019,2.74145613367148,1.82334504915152,97.1324839563419,7501.9689641949,1.37834963889598
Middle East & North Africa,2020,2.74145613367148,1.99565037758443,97.2315412836112,6665.21717740336,-4.0232993723727
Middle East & North Africa,2021,2.74145613367148,1.99565037758443,97.2914835513583,7775.55195119201,5.57289085590358
Middle East & North Africa,2022,2.74145613367148,1.99565037758443,97.3733015431867,9116.77278273094,5.74836266642129
Middle East & North Africa (IDA & IBRD countries),2010,5.8874904079679,2.66027583579073,95.2174194224793,4133.83475011465,5.35557740311478
Middle East & North Africa (IDA & IBRD countries),2011,5.83388499730582,2.60963703335479,95.2191567472279,4751.64734688651,-1.02635406497529
Middle East & North Africa (IDA & IBRD countries),2012,5.81175422377858,2.55612456582388,94.625781234076,5026.64555766303,3.53423577713583
Middle East & North Africa (IDA & IBRD countries),2013,6.24678322386196,2.59929658458601,96.5604727069496,4538.77044438026,0.417305134120951
Middle East & North Africa (IDA & IBRD countries),2014,5.40706618297661,2.46398407896345,95.9037641046041,4397.36675865893,1.84459179536994
Middle East & North Africa (IDA & IBRD countries),2015,5.09551590864519,2.47471257847952,95.8874892892129,3869.3156107047,0.694157744765775
Middle East & North Africa (IDA & IBRD countries),2016,5.09551590864519,2.53455102195307,96.2332941143712,3891.14303171761,5.36784154459941
Middle East & North Africa (IDA & IBRD countries),2017,5.09551590864519,2.45872573459995,97.1983752877486,3824.23813565368,3.13894693829036
Middle East & North Africa (IDA & IBRD countries),2018,5.09551590864519,2.50234333762529,95.4583357981029,3568.26749674958,1.82359039045528
Middle East & North Africa (IDA & IBRD countries),2019,5.09551590864519,2.70480925170458,96.6125775683893,3534.92693633058,1.11023485004564
Middle East & North Africa (IDA & IBRD countries),2020,5.09551590864519,2.86370722475953,96.7352691074454,3215.7512499761,-4.33520481787218
Middle East & North Africa (IDA & IBRD countries),2021,5.09551590864519,2.86370722475953,96.8125528853954,3672.48448675069,6.21408909503336
Middle East & North Africa (IDA & IBRD countries),2022,5.09551590864519,2.86370722475953,96.9097460346813,4152.18363676059,4.41432161507478
Middle East & North Africa (excluding high income),2010,5.88308485438055,2.70120453288654,95.2690603068049,4116.44578385654,5.35895146418939
Middle East & North Africa (excluding high income),2011,5.82877634920237,2.65198516869995,95.2689009893302,4730.87805060532,-0.941004604177522
Middle East & North Africa (excluding high income),2012,5.80779092038977,2.59323546877598,94.6835888817587,5004.75681594038,3.55700351312456
Middle East & North Africa (excluding high income),2013,6.24201228286694,2.63469827919417,96.5979455791534,4525.04184155668,0.456281090804623
Middle East & North Africa (excluding high income),2014,5.40457187805121,2.50453736154296,95.9487475084581,4385.60091414875,1.82561996849616
Middle East & North Africa (excluding high income),2015,5.09202005771151,2.51684921444919,95.9328003127985,3862.5722046145,0.722279033046206
Middle East & North Africa (excluding high income),2016,5.09202005771151,2.58437149786106,96.276014130497,3887.0200728029,5.40129282968478
Middle East & North Africa (excluding high income),2017,5.09202005771151,2.49808095412844,97.2291081354939,3821.91888653613,3.12195637092995
Middle East & North Africa (excluding high income),2018,5.09202005771151,2.54898510802524,95.5104255149385,3568.19940862031,1.81779376379079
Middle East & North Africa (excluding high income),2019,5.09202005771151,2.75972290196694,96.6517404120541,3536.33661519656,1.11267383038005
Middle East & North Africa (excluding high income),2020,5.09202005771151,2.92749471936677,96.7733482603745,3215.95906834746,-4.40283790910399
Middle East & North Africa (excluding high income),2021,5.09202005771151,2.92749471936677,96.8500869295379,3672.55692035451,6.2212576875649
Middle East & North Africa (excluding high income),2022,5.09202005771151,2.92749471936677,96.9464771200397,4147.97463172171,4.41129157016933
Middle income,2010,22.0374021211465,22.7242838598832,85.0728135496578,3610.17333989864,8.18128187806609
Middle income,2011,21.2077139198488,21.810242291618,86.5755407803619,4205.24545068319,6.49464778589891
Middle income,2012,22.214589831531,21.6734819207551,86.9235517821868,4423.50989576401,5.64053416588229
Middle income,2013,22.5119183596206,21.6086245646223,87.9538257344968,4635.05145584909,5.64324830563687
Middle income,2014,23.0474566071303,21.619804975326,88.5572255305389,4789.17589092429,5.17096472145879
Middle income,2015,23.5182692232048,21.5942824943824,89.763281693845,4590.10014047065,4.82622585789552
Middle income,2016,23.5182692232048,21.8667614179575,90.7857334721579,4589.78770455454,4.80523435213244
Middle income,2017,23.5182692232048,21.9573461951041,91.815222539659,4956.25071427331,5.3758266172181
Middle income,2018,23.5182692232048,22.0639483873464,92.9486959090124,5213.90230128235,5.01414838235704
Middle income,2019,23.5182692232048,22.5473378238535,93.3328680629391,5281.78360259079,4.08317549770597
Middle income,2020,23.5182692232048,23.3864364958289,93.673300524618,5068.53998098794,-1.21272096176956
Middle income,2021,23.5182692232048,23.3864364958289,94.8751847446865,5925.7709749664,7.5062161584262
Middle income,2022,23.5182692232048,23.3864364958289,94.8855561460311,6165.89619410795,3.85059248991735
North America,2010,16.2898875025261,8.8898542586301,100.0,,2.7239591705829
North America,2011,18.5905590548278,9.78968925506113,100.0,,1.68621131736953
North America,2012,18.6149971504165,10.1687090099287,100.0,,2.24337859832025
North America,2013,19.3999717632444,10.5100828260265,100.0,,2.13349688781437
North America,2014,19.5278029539202,10.6427636680361,100.0,,2.54944713665162
North America,2015,19.9474593980516,10.4555225512374,100.0,,2.76110455782432
North America,2016,19.9474593980516,10.8133808113123,100.0,,1.75741359164776
North America,2017,19.9474593980516,11.3519352843397,100.0,,2.50284496236797
North America,2018,19.9474593980516,11.4630741257757,100.0,,2.94789314183848
North America,2019,19.9474593980516,11.7837519357351,100.0,,2.42273337667585
North America,2020,19.9474593980516,12.5990512313246,100.0,,-2.43435524574377
North America,2021,19.9474593980516,12.5990512313246,100.0,,5.76128554552649
North America,2022,19.9474593980516,12.5990512313246,100.0,,2.07867367857624
OECD members,2010,18.060207961811,10.3717904112784,99.8079626418484,35088.3077576677,2.96898779587002
OECD members,2011,19.4783141321302,10.8717838342286,99.7876041121626,37547.362061581,1.87873400934457
OECD members,2012,20.4597878432681,11.4536643177497,99.8131800080239,37285.6090318709,1.39311591105211
OECD members,2013,21.6853293477571,11.9466266387194,99.8354150934926,37575.0775818323,1.6090797804849
OECD members,2014,22.510847220129,12.1993498136552,99.8482663987896,38112.0709045839,2.17654278009316
OECD members,2015,23.3359634553772,12.2929810938117,99.8396896396459,35733.3440313659,2.50207436198141
OECD members,2016,23.3359634553772,12.4751788707499,99.89585109751,36197.2181448972,1.85135632605747
OECD members,2017,23.3359634553772,12.8627670804176,99.9405764596022,37576.6175060967,2.58610547344895
OECD members,2018,23.3359634553772,13.2657182830826,99.8985605663644,39507.1176312125,2.34382863954505
OECD members,2019,23.3359634553772,13.7784284062487,99.9400367116293,39685.5608569649,1.7994373215387
OECD members,2020,23.3359634553772,14.9035238849166,99.9332673681265,38592.7778890311,-3.95334855901352
OECD members,2021,23.3359634553772,14.9035238849166,100.0,42930.7751337564,5.71465206139672
OECD members,2022,23.3359634553772,14.9035238849166,100.0,43681.7314639081,2.77835122172057
Other small states,2010,27.9705154405379,32.5898822836963,81.8721151989945,11207.5300479676,2.71339755474523
Other small states,2011,26.402199868963,32.5775895093561,84.1394321263975,12625.3767417949,3.00357203777814
Other small states,2012,26.1933503306929,32.3942661870504,84.8898000935407,12403.6405555919,1.63152052808375
Other small states,2013,26.5339544504794,32.0277832236381,85.6702921700709,12793.9133690273,1.70147807917355
Other small states,2014,25.1273505197028,31.5587866449511,87.0248640437107,13014.8595970085,2.41518620047516
Other small states,2015,25.8007304968731,32.3242981991525,87.8757714925346,11597.2856104624,3.36494787653683
Other small states,2016,25.8007304968731,32.2176274944568,89.1589196955869,12007.5839403413,3.8912084246695
Other small states,2017,25.8007304968731,31.5667678986818,90.4945894126707,13168.3078074236,4.76330819546558
Other small states,2018,25.8007304968731,31.9564812048793,91.5254892263974,14244.5883875934,3.97088218742294
Other small states,2019,25.8007304968731,31.7132516082049,92.7013041706379,14212.9139759241,4.06419882121789
Other small states,2020,25.8007304968731,34.0445543032787,93.6071297305702,12862.5340808613,-5.71729190315421
Other small states,2021,25.8007304968731,34.0445543032787,94.5025759531236,14917.5933984416,6.58600635011335
Other small states,2022,25.8007304968731,34.0445543032787,94.6027752416708,15844.3700627197,4.54016837834456
Pacific island small states,2010,32.7934970119966,29.5932336956522,71.5787940910776,2888.08259375505,3.73032563859934
Pacific island small states,2011,36.1539003174744,31.3655526315789,72.677311578647,3332.02336603179,3.86208343778161
Pacific island small states,2012,41.1156700293433,31.1998143236074,73.793423706513,3493.21034420039,1.00600853638552
Pacific island small states,2013,39.6695475008183,31.0953694581281,72.653664185444,3591.58836342257,3.21467716270793
Pacific island small states,2014,30.854074757135,31.1890420560748,76.6814711878895,3862.30253566876,3.6242973001453
Pacific island small states,2015,30.3015624801353,31.3912268518519,78.703229504003,3735.49952275424,3.77915708122441
Pacific island small states,2016,30.3015624801353,28.8454368932039,80.1272307017537,3878.32501790946,3.78060733595218
Pacific island small states,2017,30.3015624801353,28.9625339366516,82.3564554155498,4142.26772455685,4.0055017910708
Pacific island small states,2018,30.3015624801353,27.3693392070485,82.9591610078136,4298.99819904991,2.76318012867718
Pacific island small states,2019,30.3015624801353,27.384211663067,84.5931602439996,4230.5980928619,1.21450022836216
Pacific island small states,2020,30.3015624801353,29.6534541062802,86.4225510641771,3703.05219632562,1.21450022836216
Pacific island small states,2021,30.3015624801353,29.6534541062802,85.849707571326,3648.41603801244,-2.86796554332169
Pacific island small states,2022,30.3015624801353,29.6534541062802,85.8227472405466,3909.14166460187,9.30839715412249
Post-demographic dividend,2010,17.2110351904654,9.82163252300728,99.880036992042,39705.7769928891,2.9099823142471
Post-demographic dividend,2011,18.5436555674287,10.3109102565493,99.8926142060028,42530.834465791,1.66655739286985
Post-demographic dividend,2012,19.552752223204,10.9381725075422,99.9028398361256,42291.1731316463,1.25636690748527
Post-demographic dividend,2013,20.9330762674976,11.4070462498396,99.9183047674401,42558.4046547363,1.5091144019128
Post-demographic dividend,2014,21.7232764585168,11.7473761094082,99.9313827467578,43223.197534765,2.01147187513966
Post-demographic dividend,2015,22.3878543629964,11.8728189606509,99.9440320084058,40717.0989510662,2.2243851593875
Post-demographic dividend,2016,22.3878543629964,12.1055574778648,99.9571187558814,41461.9972670039,1.79792653657221
Post-demographic dividend,2017,22.3878543629964,12.5593179241081,99.970583083607,43088.4274179433,2.46508650194241
Post-demographic dividend,2018,22.3878543629964,12.9302261925079,99.981741114911,45491.2207882764,2.25056575504183
Post-demographic dividend,2019,22.3878543629964,13.3737357971786,99.9929550285056,45822.0716593778,1.76860550874882
Post-demographic dividend,2020,22.3878543629964,14.5020753978714,99.9971273501603,44745.8899129628,-4.12374881367235
Post-demographic dividend,2021,22.3878543629964,14.5020753978714,99.9987681484921,44745.8899129628,5.4462382045962
Post-demographic dividend,2022,22.3878543629964,14.5020753978714,100.0,44745.8899129628,2.41323295588987
Pre-demographic dividend,2010,46.9904015156846,75.9236501139275,32.6471343903758,1416.56431013687,6.56194489845284
Pre-demographic dividend,2011,44.4498956893719,74.9500670730174,36.0350364795079,1593.37266362436,4.29670973663181
Pre-demographic dividend,2012,45.9471903793222,73.5926114087052,37.4480594746498,1681.15434755039,4.25050358902806
Pre-demographic dividend,2013,43.6474237442908,72.6635744419191,38.3362278101373,1791.64487755119,5.8592900282368
Pre-demographic dividend,2014,41.8498525746522,73.156301704659,39.8441097568589,1844.55491925459,5.09889732446534
Pre-demographic dividend,2015,40.5896443789291,73.9525453809247,40.0606293618327,1524.75727930826,3.27668118730698
Pre-demographic dividend,2016,40.5896443789291,73.5602980371708,44.61180063733,1320.44521076183,2.39832550615498
Pre-demographic dividend,2017,40.5896443789291,73.3281439587563,44.320455294993,1340.65197800485,1.6152836623985
Pre-demographic dividend,2018,40.5896443789291,72.6791076439954,47.0762627878568,1452.93366963466,2.58736314113948
Pre-demographic dividend,2019,40.5896443789291,72.0406889071939,47.5782396795133,1490.50456175284,3.30796457026474
Pre-demographic dividend,2020,40.5896443789291,73.8634177768668,48.3855447902348,1330.58963017454,-2.5612561140204
Pre-demographic dividend,2021,40.5896443789291,73.8634177768668,50.5238061632824,1420.14132754964,3.15426000013312
Pre-demographic dividend,2022,40.5896443789291,73.8634177768668,51.1203418281979,1579.54435449704,4.1405972463585
Small states,2010,25.2621592724495,30.1645228116393,82.0947807990488,9979.02022498174,2.43168870016581
Small states,2011,23.9196272580197,30.5033329354184,84.005066223593,11060.0397768605,2.80137450679013
Small states,2012,23.9034729822781,30.1171937221832,84.7568368192441,11008.153767487,1.73204564173524
Small states,2013,24.2021980876553,29.7402809118121,85.2279259048216,11302.4560344802,1.46665283835104
Small states,2014,22.935822540156,29.0972316950853,86.7803650873228,11541.4191260915,2.35187779170528
Small states,2015,23.4181314357759,29.666504727747,87.7309920878869,10568.2406997506,2.90217784638642
Small states,2016,23.4181314357759,29.2618658861096,88.9341020251841,10806.5478125662,3.28151427764374
Small states,2017,23.4181314357759,28.9203745003156,90.2630998844596,11730.8818238776,4.24285823264236
Small states,2018,23.4181314357759,29.2097440622441,91.0865817462377,12560.1901388749,3.73297279210021
Small states,2019,23.4181314357759,28.583670471464,92.2015549079081,12581.2230617678,3.42548851149165
Small states,2020,23.4181314357759,30.8015756102716,93.2090070960632,11219.28661025,-6.48876819930216
Small states,2021,23.4181314357759,30.8015756102716,93.8179009205047,12920.699840484,6.78651457690746
Small states,2022,23.4181314357759,30.8015756102716,93.9107043828779,14176.6140571601,7.685584096989
South Asia,2010,18.1793324598707,39.199896037042,75.1074320154514,1254.01983926072,7.36599200861392
South Asia,2011,18.7197599837294,37.9073539424171,77.9847301244711,1361.56072037346,5.07122194849418
South Asia,2012,17.1947641540738,37.5824991422199,79.4766739550892,1362.39812618109,5.38128973603351
South Asia,2013,18.8713121096983,37.8881471077819,81.6409556101775,1380.09891228131,6.00860161536451
South Asia,2014,17.61823619647,36.8125656985607,83.8523954854089,1490.80407578175,6.84783789148651
South Asia,2015,16.8677992619749,36.0592614470028,86.7867132149237,1539.5941449215,7.25156162420913
South Asia,2016,16.8677992619749,35.3404295412497,88.9173147181527,1675.52326892233,7.77623550746786
South Asia,2017,16.8677992619749,34.6387159666426,91.6760241733433,1887.87828259142,6.50264099306672
South Asia,2018,16.8677992619749,34.7472044868575,94.6179244479771,1920.13115754982,6.33469355433985
South Asia,2019,16.8677992619749,35.4996540162481,95.3232055481217,1965.09061363678,3.92432284048063
South Asia,2020,16.8677992619749,37.8106319649424,96.197039231936,1855.54425205771,-4.58269312944782
South Asia,2021,16.8677992619749,37.8106319649424,98.786423758525,2145.14846632702,8.76382055037797
South Asia,2022,16.8677992619749,37.8106319649424,98.2879959489889,2254.56195751261,6.31221169170688
South Asia (IDA & IBRD),2010,18.1793324598707,39.199896037042,75.1074320154514,1254.01983926072,7.36599200861392
South Asia (IDA & IBRD),2011,18.7197599837294,37.9073539424171,77.9847301244711,1361.56072037346,5.07122194849418
South Asia (IDA & IBRD),2012,17.1947641540738,37.5824991422199,79.4766739550892,1362.39812618109,5.38128973603351
South Asia (IDA & IBRD),2013,18.8713121096983,37.8881471077819,81.6409556101775,1380.09891228131,6.00860161536451
South Asia (IDA & IBRD),2014,17.61823619647,36.8125656985607,83.8523954854089,1490.80407578175,6.84783789148651
South Asia (IDA & IBRD),2015,16.8677992619749,36.0592614470028,86.7867132149237,1539.5941449215,7.25156162420913
South Asia (IDA & IBRD),2016,16.8677992619749,35.3404295412497,88.9173147181527,1675.52326892233,7.77623550746786
South Asia (IDA & IBRD),2017,16.8677992619749,34.6387159666426,91.6760241733433,1887.87828259142,6.50264099306672
South Asia (IDA & IBRD),2018,16.8677992619749,34.7472044868575,94.6179244479771,1920.13115754982,6.33469355433985
South Asia (IDA & IBRD),2019,16.8677992619749,35.4996540162481,95.3232055481217,1965.09061363678,3.92432284048063
South Asia (IDA & IBRD),2020,16.8677992619749,37.8106319649424,96.197039231936,1855.54425205771,-4.58269312944782
South Asia (IDA & IBRD),2021,16.8677992619749,37.8106319649424,98.786423758525,2145.14846632702,8.76382055037797
South Asia (IDA & IBRD),2022,16.8677992619749,37.8106319649424,98.2879959489889,2254.56195751261,6.31221169170688
Sub-Saharan Africa,2010,23.7329820183804,70.7878802226208,33.248979069351,1645.95545951319,5.99557268673479
Sub-Saharan Africa,2011,23.8035518375781,70.2635563331266,35.8027242175344,1799.96084759365,4.4144049339736
Sub-Saharan Africa,2012,24.0912316955305,69.319905333243,36.6870977114917,1819.02842949872,3.25824844020808
Sub-Saharan Africa,2013,24.7640985545461,68.2009508212118,37.9282782378407,1882.01663975704,5.09044054834963
Sub-Saharan Africa,2014,26.5812407814129,67.9518597989748,38.2658690780816,1909.58989515741,4.8707602196872
Sub-Saharan Africa,2015,26.6166370237832,68.5052591892292,39.1121832624488,1654.27280706483,2.92037388274858
Sub-Saharan Africa,2016,26.6166370237832,68.5321876239698,43.7370505625674,1468.9014601283,1.24203717635056
Sub-Saharan Africa,2017,26.6166370237832,68.2152028750416,43.6808105316438,1528.22459360107,2.4842832882705
Sub-Saharan Africa,2018,26.6166370237832,68.2460504941512,46.3373545996798,1630.26588268491,2.75496705784248
Sub-Saharan Africa,2019,26.6166370237832,68.6684138065584,47.1303990695105,1632.082811636,2.65974505028328
Sub-Saharan Africa,2020,26.6166370237832,70.5731786913503,48.478195544667,1490.67810597184,-1.96689482692713
Sub-Saharan Africa,2021,26.6166370237832,70.5731786913503,50.5800665756201,1636.32385226633,4.26493689249247
Sub-Saharan Africa,2022,26.6166370237832,70.5731786913503,51.4347389951457,1701.71726642046,3.66056242275046
Sub-Saharan Africa (IDA & IBRD countries),2010,23.7329820183804,70.7878802226208,33.248979069351,1645.95545951319,5.99557268673479
Sub-Saharan Africa (IDA & IBRD countries),2011,23.8035518375781,70.2635563331266,35.8027242175344,1799.96084759365,4.41440493397369
Sub-Saharan Africa (IDA & IBRD countries),2012,24.0912316955305,69.319905333243,36.6870977114917,1819.02842949872,3.25824844020801
Sub-Saharan Africa (IDA & IBRD countries),2013,24.7640985545461,68.2009508212118,37.9282782378407,1882.01663975704,5.09044054834959
Sub-Saharan Africa (IDA & IBRD countries),2014,26.5812407814129,67.9518597989748,38.2658690780816,1909.58989515741,4.87076021968724
Sub-Saharan Africa (IDA & IBRD countries),2015,26.6166370237832,68.5052591892292,39.1121832624488,1654.27280706483,2.92037388274858
Sub-Saharan Africa (IDA & IBRD countries),2016,26.6166370237832,68.5321876239698,43.7370505625674,1468.9014601283,1.24203717635056
Sub-Saharan Africa (IDA & IBRD countries),2017,26.6166370237832,68.2152028750416,43.6808105316439,1528.22459360107,2.4842832882705
Sub-Saharan Africa (IDA & IBRD countries),2018,26.6166370237832,68.2460504941512,46.3373545996798,1630.26588268491,2.75496705784242
Sub-Saharan Africa (IDA & IBRD countries),2019,26.6166370237832,68.6684138065584,47.1303990695105,1632.082811636,2.65974505028328
Sub-Saharan Africa (IDA & IBRD countries),2020,26.6166370237832,70.5731786913503,48.478195544667,1490.67810597184,-1.9668948269271
Sub-Saharan Africa (IDA & IBRD countries),2021,26.6166370237832,70.5731786913503,50.5800665756201,1636.32385226633,4.26493689249247
Sub-Saharan Africa (IDA & IBRD countries),2022,26.6166370237832,70.5731786913503,51.4347389951457,1701.71726642046,3.66056242275046
Sub-Saharan Africa (excluding high income),2010,23.7507065867889,70.8068318085576,33.242473579538,1645.00757742796,5.9967983524804
Sub-Saharan Africa (excluding high income),2011,23.8221710205596,70.2789320726297,35.7966997008973,1798.96379649634,4.41027371059997
Sub-Saharan Africa (excluding high income),2012,24.1106091866464,69.3351016799837,36.6812428171032,1818.02892256622,3.25837393041606
Sub-Saharan Africa (excluding high income),2013,24.7830027121794,68.2146634923058,37.9226202764872,1880.79793120969,5.09369853092592
Sub-Saharan Africa (excluding high income),2014,26.6015133381539,67.966768924257,38.2601223073109,1908.35380304647,4.87142051012202
Sub-Saharan Africa (excluding high income),2015,26.6374474267553,68.5209415249651,39.1065437139548,1653.00584689775,2.91550805166534
Sub-Saharan Africa (excluding high income),2016,26.6374474267553,68.5502478664483,43.7319091609899,1467.52177135115,1.23269348476941
Sub-Saharan Africa (excluding high income),2017,26.6374474267553,68.2327658226119,43.675736407086,1526.78737212966,2.48003006546065
Sub-Saharan Africa (excluding high income),2018,26.6374474267553,68.2647633264779,46.3326008959214,1628.7767721828,2.75279768600285
Sub-Saharan Africa (excluding high income),2019,26.6374474267553,68.6858476793249,47.1257966456512,1630.55857440587,2.65684995243201
Sub-Saharan Africa (excluding high income),2020,26.6374474267553,70.5914308989386,48.4737889046716,1489.60464113599,-1.95670713533904
Sub-Saharan Africa (excluding high income),2021,26.6374474267553,70.5914308989386,50.5759132657492,1635.20218922633,4.26842091333799
Sub-Saharan Africa (excluding high income),2022,26.6374474267553,70.5914308989386,51.4299317538115,1700.18641364767,3.65032149552491
Upper middle income,2010,23.3286122304688,15.3720934314228,98.1680049741426,5684.7777419568,8.52498721494061
Upper middle income,2011,22.1158833334242,14.4377027918409,98.3820453198547,6742.40769874868,6.94137661151963
Upper middle income,2012,23.6226868462347,14.3086395480759,98.6209105477697,7131.84734732328,5.76110322862426
Upper middle income,2013,23.6942631971113,14.2173041117114,98.7874319955832,7505.21193519838,5.63544893389
Upper middle income,2014,24.669619665,14.4132739719097,98.8894942576766,7722.45074898207,4.93537340072191
Upper middle income,2015,25.5438373107998,14.56846756812,98.9709975774677,7372.17996247398,4.54601307323637
Upper middle income,2016,25.5438373107998,14.9498038796061,99.0052638487001,7340.45765373801,4.57774212825505
Upper middle income,2017,25.5438373107998,15.1736398448485,99.1339177479467,7988.4308620841,5.35474335314659
Upper middle income,2018,25.5438373107998,15.3779588818135,99.152882923018,8461.55538976532,4.90396891584386
Upper middle income,2019,25.5438373107998,15.9178475783611,99.2510521973761,8547.70630387593,4.09017583927643
Upper middle income,2020,25.5438373107998,16.5501579248738,99.1899480241711,8239.11108405914,-0.594393798185607
Upper middle income,2021,25.5438373107998,16.5501579248738,99.4083794765038,9778.05333809637,7.72230187446708
Upper middle income,2022,25.5438373107998,16.5501579248738,99.4851190889072,10190.883998462,3.35715409317852
World,2010,19.5609975450815,16.7477089214717,83.5680826821792,9543.06734241336,4.52954597288344
World,2011,19.9328250152084,16.7176270694494,84.6201208325228,10484.5351391091,3.32713269662275
World,2012,20.9015364054271,16.9534484358113,85.0485544806116,10586.6705744927,2.70911515835066
World,2013,21.7103458442356,17.2116480907934,85.8133634497739,10754.7984151567,2.86822214282918
World,2014,22.4072584526013,17.3801085884451,86.3012690468959,10918.5540956328,3.12386991048261
World,2015,22.8544560815979,17.424128501114,87.0237851218521,10177.8905141454,3.12613558771196
World,2016,22.8544560815979,17.6767503798965,88.1922255251927,10224.0659312632,2.82055728507054
World,2017,22.8544560815979,17.9191918096439,89.0186672372511,10762.8045848545,3.46023911788988
World,2018,22.8544560815979,18.1622254961055,89.8908858380532,11315.083985152,3.28661298847909
World,2019,22.8544560815979,18.6365420754695,90.199100032655,11358.4786578376,2.64221643519326
World,2020,22.8544560815979,19.7713444783922,90.4854035957629,10941.6626777859,-2.93204334405938
World,2021,22.8544560815979,19.7713444783922,91.4203322426229,12362.4642088343,6.25985128447172
World,2022,22.8544560815979,19.7713444783922,91.3525709654628,12730.1571671098,3.08960746444744
